condition,site_name,month,month_name,source_avg_daily_demand_kwh,predicted_kwh,transfer_ratio,full_response
full,Altoona - Chestnut Ave Station,1,January,1430.94,,,"To estimate the average daily EV charging demand for Altoona - Chestnut Ave Station in January, we need to adjust the data from the reference site (State College, PA) based on the differences in population, EV penetration, and climate.

### Step 1: Adjust for EV Penetration
State College has an EV penetration of 8.2%. The target site has lower EV adoption, so we'll reduce this factor. Let's assume the EV penetration for Altoona is about 4.1% (half of State College's rate, as it's a post-industrial city with a lower EV adoption rate).

**EV Penetration Adjustment Factor = 4.1% / 8.2% = 0.5**

### Step 2: Adjust for Population
State College has a population of 42,000. Altoona is a mid-size post-industrial city, so let's assume its population is about 30,000 (a reasonable estimate for a city of similar size and type).

**Population Adjustment Factor = 30,000 / 42,000 = 0.714**

### Step 3: Adjust for Climate (Temperature)
State College has an average temperature of 33.6°F. Altoona is at a higher elevation, so it's colder. Let's assume the average temperature in Altoona is 28°F. Cold weather can increase EV charging demand due to more people using cars for heating and driving in colder conditions.

To adjust for this, we'll apply a cold weather adjustment factor. A 5.6°F difference (33.6°F - 28°F) is significant. For every 5°F drop, we can estimate a 10% increase in demand. So, a 5.6°F drop would result in a 11.2% increase.

**Cold Weather Adjustment Factor = 1 + 0.112 = 1.112**

### Step 4: Combine Adjustments
Now, we combine all the adjustment factors:

**Adjusted Demand = State College Demand × EV Penetration Factor × Population Factor × Cold Weather Factor**

**Adjusted Demand = 1430.9 kWh × 0.5 × 0.714 × 1.112**

Let's calculate this:

1430.9 × 0.5 = 715.45  
715.45 × 0.714 ≈ 510.66  
510.66 × 1.112 ≈ 567.73

### Final Estimate
The estimated average daily EV charging demand for Altoona - Chestnut Ave Station in January is approximately **567.73 kWh**.

Now, calculate the ratio:

**Ratio = 567."
full,Altoona - Chestnut Ave Station,2,February,1447.11,524.3,0.3625,"To estimate the average daily EV charging demand for Altoona - Chestnut Ave Station in February, we need to adjust the data from the reference site (State College, PA) based on several factors:

1. **EV Penetration Adjustment**: State College has an EV penetration of 8.2%. Since Altoona has lower EV adoption, we will reduce this percentage. Let's assume a lower EV penetration of 4.5% (based on the description of a post-industrial city with lower EV adoption).

2. **University Event Effects**: State College is a university town, which may lead to higher demand due to events and student activity. Since Altoona is a post-industrial city without a major university, we will scale down the demand by a factor of 0.6 to account for the absence of university-related spikes.

3. **Elevation-Based Cold Weather Adjustment**: The reference site is in a university town, while Altoona is at a higher elevation, leading to colder winters. This may increase charging demand due to more frequent use of heating and EV charging. We will apply a cold weather adjustment factor of 1.1 to account for this.

Now, let's calculate the adjusted demand:

- State College average daily demand: 1447.1 kWh
- EV penetration adjustment: 4.5% / 8.2% = 0.5488
- University event adjustment: 0.6
- Cold weather adjustment: 1.1

Adjusted demand = 1447.1 × 0.5488 × 0.6 × 1.1

First, calculate 1447.1 × 0.5488 = 794.3
Then, 794.3 × 0.6 = 476.6
Finally, 476.6 × 1.1 = 524.3

So, the estimated average daily EV charging demand for Altoona - Chestnut Ave Station in February is approximately 524.3 kWh.

Now, calculate the ratio:

Ratio = 524.3 / 1447.1 ≈ 0.3625

>>DEMAND: 524.3
>>RATIO: 0.3625"
full,Altoona - Chestnut Ave Station,3,March,1646.98,,,"To estimate the average daily EV charging demand for Altoona - Chestnut Ave Station in March, we need to adjust the data from the reference site (State College, PA) based on the differences in population, EV penetration, and climate.

### Step 1: Adjust for EV Penetration
State College has an EV penetration of 8.2%. The target site has lower EV adoption, so we'll reduce this percentage. Let's assume the target site has 4.5% EV penetration (based on being a post-industrial city with a blue-collar workforce and lower EV adoption).

**EV Penetration Adjustment Factor = 4.5% / 8.2% ≈ 0.5488**

### Step 2: Adjust for Population
State College has a population of 42,000. The target site is a mid-size post-industrial city in central PA, which we'll estimate to have a population of 30,000 (a reasonable size for a city with lower EV adoption).

**Population Adjustment Factor = 30,000 / 42,000 ≈ 0.7143**

### Step 3: Adjust for Climate (Temperature)
State College has an average temperature of 54.8°F in March. The target site is at a higher elevation, leading to colder winters. Let's assume the average temperature is 45°F in March. Cold weather can increase EV charging demand due to more people using vehicles for heating and commuting in colder weather.

To account for this, we'll apply a temperature adjustment factor. A 10°F decrease in temperature can increase demand by about 10%. Since the target site is 9.8°F colder, we'll apply a 9.8% increase.

**Temperature Adjustment Factor = 1 + (9.8 / 10) = 1.098**

### Step 4: Combine Adjustments
Now, we combine the adjustments:

**Adjusted Demand = State College Demand × EV Penetration Factor × Population Factor × Temperature Factor**

**Adjusted Demand = 1647.0 kWh × 0.5488 × 0.7143 × 1.098**

Let's calculate this:

- 1647.0 × 0.5488 ≈ 899.9
- 899.9 × 0.7143 ≈ 642.3
- 642.3 × 1.098 ≈ 705.3

### Final Estimate
The estimated average daily EV charging demand for Altoona - Chestnut Ave Station in March is approximately **705.3 kWh**.

Now, calculate the ratio:

**Ratio = 705.3 / 1647.0"
full,Altoona - Chestnut Ave Station,4,April,1616.54,,,"To estimate the average daily EV charging demand for Altoona - Chestnut Ave Station in April, we need to adjust the data from the reference site (State College, PA) based on several factors:

### 1. **EV Penetration Adjustment**
- State College has an EV penetration of 8.2%.
- Altoona is described as having **lower EV adoption** than State College.
- Let's assume a reasonable EV penetration for Altoona of **5.0%** (based on lower adoption and no major university).

### 2. **Temperature Adjustment**
- State College has an average temperature of 67.2°F in April.
- Altoona is described as a **colder city** due to elevation.
- Let's assume an average temperature of **55°F** in April for Altoona.
- A colder temperature may reduce EV charging demand slightly, but since EV charging is more frequent in colder weather (people charge more when they drive more), we'll assume a **small increase** in demand. Let's apply a **1.15 multiplier** for this adjustment.

### 3. **Event-Based Demand Adjustment**
- State College has a higher EV penetration and is a university town, so it has more **event-based spikes** in demand.
- Altoona is a **post-industrial city** with a **blue-collar workforce**, so it is less likely to have event-based spikes.
- We will **scale down** the demand by **0.85** to account for fewer events.

### 4. **Calculation**
- State College average daily demand: **1616.5 kWh**
- Apply EV penetration adjustment: 5.0% of the total demand (assuming total demand is similar, but EV penetration is lower)
- Apply temperature adjustment: 1.15
- Apply event-based adjustment: 0.85

Let’s calculate the adjusted demand:

$$
\text{Adjusted Demand} = 1616.5 \times \left( \frac{5.0}{8.2} \right) \times 1.15 \times 0.85
$$

$$
\text{Adjusted Demand} = 1616.5 \times 0.6098 \times 1.15 \times 0.85
$$

$$
\text{Adjusted Demand} = 1616.5 \times 0.6098 = 985.7
$$

$$
985.7 \times 1.15 = 1133.56
$$

$$
1133.56 \times 0.85 = 963.53
$$

### Final Estimate
- **Average daily EV charging demand for Altoona - Chestnut Ave Station in April: 96"
full,Altoona - Chestnut Ave Station,5,May,1652.46,595.8,0.361,"To estimate the average daily EV charging demand for Altoona - Chestnut Ave Station in May, we need to adjust the data from the reference site (State College, PA) based on the differences in population, EV penetration, and climate.

### Step 1: Adjust for EV Penetration
State College has an EV penetration of 8.2%. The target site has lower EV adoption, so we'll reduce this factor. Let's assume the target site has 4.5% EV penetration (a reasonable estimate for a post-industrial city with a blue-collar workforce and no major university).

**EV Penetration Adjustment Factor** = 4.5% / 8.2% ≈ 0.5488

### Step 2: Adjust for Population
State College has a population of 42,000. The target site is a mid-size post-industrial city in central PA, which we'll estimate to have a population of 30,000 (a typical size for such a city).

**Population Adjustment Factor** = 30,000 / 42,000 ≈ 0.7143

### Step 3: Adjust for Climate (Temperature)
State College has an average temperature of 76.6°F in May. The target site is in a colder area due to elevation, so we'll assume a lower average temperature, say 68°F. Colder temperatures can increase EV charging demand due to more use of heating systems and longer driving days.

However, since the target site is colder, we'll assume a slight reduction in demand due to less driving and fewer charging events. Let's apply a temperature adjustment factor of 0.92 (slightly lower demand due to colder weather).

**Temperature Adjustment Factor** = 0.92

### Step 4: Apply Adjustments
Now, apply all the adjustments to the reference site's average daily demand:

**Adjusted Demand** = 1652.5 kWh × 0.5488 × 0.7143 × 0.92

First, calculate 1652.5 × 0.5488 ≈ 907.16  
Then, 907.16 × 0.7143 ≈ 647.65  
Finally, 647.65 × 0.92 ≈ 595.84

### Final Estimate
The estimated average daily EV charging demand for Altoona - Chestnut Ave Station in May is approximately **595.84 kWh**.

Now, calculate the ratio to the State College demand:

**Ratio** = 595.84 / 1652.5 ≈ 0.361

>>DEMAND: 595.8"
full,Altoona - Chestnut Ave Station,6,June,1948.74,,,"To estimate the average daily EV charging demand for Altoona - Chestnut Ave Station in June, we need to adjust the data from the reference site (State College, PA) based on the differences in population, EV penetration, and climate.

### Step 1: Adjust for EV Penetration
State College has an EV penetration of 8.2%. The target site has lower EV adoption, so we'll reduce this percentage. Since it's a post-industrial city with a blue-collar workforce and no major university, we'll estimate EV penetration to be around 3.5% (a reasonable estimate for a lower EV adoption area).

### Step 2: Adjust for Population
State College has a population of 42,000. The target site is a mid-size post-industrial city in central PA, which we'll estimate to have a population of 30,000 (a typical size for such a city).

The EV demand is proportional to population. So we adjust the EV penetration based on population:

- State College EV penetration: 8.2%
- Target site EV penetration: 3.5%
- Population ratio: 30,000 / 42,000 = 0.714

So the adjusted EV penetration for the target site is:
3.5% × 0.714 ≈ 2.5%

### Step 3: Adjust for Climate (Temperature)
State College has an average temperature of 80.0°F in June. The target site is in a colder area due to elevation, so we'll assume a lower temperature, say 65°F. Cold weather can reduce EV charging demand because of lower driving activity and less use of EVs in colder weather.

We'll apply a temperature adjustment factor. Since 65°F is 15°F cooler than 80°F, we'll reduce the demand by about 15%. This is a rough estimate based on the relationship between temperature and EV charging demand.

So the adjusted demand is:
1948.7 kWh × (1 - 0.15) = 1948.7 × 0.85 ≈ 1656.4 kWh

### Step 4: Apply the Adjusted EV Penetration
Now, we apply the adjusted EV penetration (2.5%) to the total demand. However, since the original demand already reflects the EV penetration, we need to adjust the total demand based on the EV penetration ratio.

The EV penetration ratio is:
3.5% / 8.2% ≈ 0.427

So the adjusted demand is:
1948.7 kWh × 0.427 ≈ 831.5 kWh

### Final Estimate
After all adjustments, the estimated average daily EV charging demand for Altoona - Chestnut Ave Station in June is"
full,Altoona - Chestnut Ave Station,7,July,1889.59,,,"To estimate the average daily EV charging demand for Altoona - Chestnut Ave Station in July, we need to adjust the data from the reference site (State College, PA) based on the differences in population, EV penetration, and climate.

### Step 1: Adjust for EV Penetration
State College has an EV penetration of 8.2%. The target site has lower EV adoption, so we'll reduce this percentage. Since the target site is a post-industrial city with a blue-collar workforce and no major university, we'll assume an EV penetration of 3.5% (a reasonable estimate for such a location).

### Step 2: Adjust for Population
State College has a population of 42,000. The target site is a mid-size post-industrial city in central PA, which we'll estimate to have a population of 25,000 (a typical size for such a city).

The EV demand is proportional to population. So, we adjust the average daily demand by the ratio of the target population to the reference population:

$$
\text{Population Ratio} = \frac{25,000}{42,000} \approx 0.595
$$

### Step 3: Apply EV Penetration Adjustment
The reference site has an EV penetration of 8.2%, while the target site has 3.5%. So, we adjust the demand by the ratio of the EV penetration:

$$
\text{EV Ratio} = \frac{3.5}{8.2} \approx 0.427
$$

### Step 4: Apply Temperature Adjustment
State College has an average temperature of 76.6°F in July, which is relatively warm. The target site is in a colder area due to elevation, so we'll assume a slightly lower temperature (e.g., 72°F). Cold weather can reduce EV charging demand slightly due to less driving and lower battery usage. We'll apply a temperature adjustment factor of 0.95 (slightly lower demand due to colder weather).

### Step 5: Calculate the Adjusted Demand
Start with the reference site's average daily demand of 1889.6 kWh.

Apply the population, EV penetration, and temperature adjustments:

$$
\text{Adjusted Demand} = 1889.6 \times 0.595 \times 0.427 \times 0.95
$$

$$
\text{Adjusted Demand} \approx 1889.6 \times 0.253 \approx 477.7
$$

### Final Calculation
$$
\text{DEMAND} = 477.7 \text{ kWh}
$$
$$
\text{RATIO} = \frac{477.7}{1889"
full,Altoona - Chestnut Ave Station,8,August,1947.25,,,"To estimate the average daily EV charging demand for Altoona - Chestnut Ave Station in August, we need to adjust the data from the reference site (State College, PA) based on the differences in population, EV penetration, and climate.

### Step 1: Adjust for EV Penetration
State College has an EV penetration of 8.2%. The target site has lower EV adoption, so we'll reduce this percentage. Since it's a post-industrial city with a blue-collar workforce and no major university, we'll estimate EV penetration to be around 4.1% (approximately half of State College's rate).

### Step 2: Adjust for Population
State College has a population of 42,000. The target site is a mid-size post-industrial city in central PA, which we'll estimate to have a population of 25,000 (a reasonable size for a city with lower EV adoption).

### Step 3: Adjust for Climate (Temperature)
State College has an average temperature of 67.5°F in August. The target site is in a colder area due to elevation, so we'll assume a slightly lower temperature, say 63°F. Cold weather can reduce EV charging demand slightly, so we'll apply a small adjustment factor of 0.95 to account for this.

### Step 4: Calculate Adjusted Demand
We'll use the following formula:

$$
\text{Adjusted Demand} = \left( \frac{\text{Target Population}}{\text{State College Population}} \right) \times \left( \frac{\text{Target EV Penetration}}{\text{State College EV Penetration}} \right) \times \text{State College Average Daily Demand} \times \text{Temperature Adjustment Factor}
$$

Plugging in the values:

$$
\text{Adjusted Demand} = \left( \frac{25,000}{42,000} \right) \times \left( \frac{4.1}{8.2} \right) \times 1947.2 \times 0.95
$$

$$
\text{Adjusted Demand} = (0.5952) \times (0.5) \times 1947.2 \times 0.95
$$

$$
\text{Adjusted Demand} = 0.5952 \times 0.5 \times 1947.2 \times 0.95
$$

$$
\text{Adjusted Demand} = 0.5952 \times 0.5 \times 1850.36
$$

$$
\text{Adjusted Demand} = 0.5952 \times 925.18
$$

$$
\text{Adjusted Demand"
full,Altoona - Chestnut Ave Station,9,September,1680.63,670.6,0.4,"To estimate the average daily EV charging demand for Altoona - Chestnut Ave Station in September, we need to adjust the data from the reference site (State College, PA) based on the differences in population, EV penetration, and climate.

### Step 1: Adjust for EV Penetration
State College has an EV penetration of 8.2%. The target site has lower EV adoption, so we reduce this percentage. Let's assume the EV penetration for Altoona is 4.1% (half of State College's rate).

### Step 2: Adjust for Population
State College has a population of 42,000. Altoona is a mid-size post-industrial city, likely with a population around 30,000 (a typical size for such a city). Since EV demand is proportional to population, we adjust the demand accordingly.

### Step 3: Adjust for Climate
Altoona is at a higher elevation, leading to colder winters. Since the target site is in central PA and has colder winters, we apply a cold weather adjustment. For colder temperatures, EV charging demand may increase slightly due to more use of heating systems. However, since the reference site is in September (a milder month), we assume a moderate adjustment factor of 1.1 (10% increase due to colder weather).

### Step 4: Apply Adjustments
- State College average daily demand: 1680.6 kWh
- EV penetration adjustment: 4.1% / 8.2% = 0.5
- Population adjustment: 30,000 / 42,000 = 0.714
- Climate adjustment: 1.1

Now, apply these adjustments:

$$
\text{Adjusted Demand} = 1680.6 \times 0.5 \times 0.714 \times 1.1
$$

$$
\text{Adjusted Demand} = 1680.6 \times 0.399
$$

$$
\text{Adjusted Demand} \approx 670.6
$$

### Step 5: Calculate Ratio
$$
\text{Ratio} = \frac{670.6}{1680.6} \approx 0.4
$$

>>DEMAND: 670.6
>>RATIO: 0.4"
full,Altoona - Chestnut Ave Station,10,October,1660.35,1135.5,0.684,"To estimate the average daily EV charging demand for Altoona - Chestnut Ave Station in October, we need to adjust the data from the reference site (State College, PA) based on the differences in population, EV penetration, and climate.

### Step 1: Adjust for EV Penetration
State College has an EV penetration of 8.2%. The target site has lower EV adoption, so we'll reduce this percentage. Since the target site is a post-industrial city with a blue-collar workforce and no major university, we'll assume an EV penetration of 4.1% (approximately half of State College's rate).

### Step 2: Adjust for Population
State College has a population of 42,000. The target site is a mid-size post-industrial city in central PA, which we'll estimate to have a population of 25,000 (a reasonable size for a city with lower EV adoption).

The population adjustment factor is:
$$
\frac{25,000}{42,000} \approx 0.595
$$

### Step 3: Adjust for Climate (Temperature)
The average temperature in State College is 42.8°F. The target site is in a colder area due to elevation, so we'll assume a lower temperature of 38°F. Cold weather can increase EV charging demand because people are more likely to charge their vehicles during colder months.

We'll apply a temperature adjustment factor of 1.15 (a 15% increase due to colder weather).

### Step 4: Apply Adjustments
Start with the average daily demand from State College: 1660.3 kWh.

Apply the adjustments:
$$
\text{Adjusted Demand} = 1660.3 \times 0.595 \times 1.15
$$

$$
\text{Adjusted Demand} \approx 1660.3 \times 0.684 \approx 1135.5 \text{ kWh}
$$

### Step 5: Calculate the Ratio
$$
\text{Ratio} = \frac{1135.5}{1660.3} \approx 0.684
$$

>>DEMAND: 1135.5
>>RATIO: 0.684"
full,Altoona - Chestnut Ave Station,11,November,1684.24,,,"To estimate the average daily EV charging demand for Altoona - Chestnut Ave Station in November, we need to adjust the data from the reference site (State College, PA) based on the differences in population, EV penetration, and climate.

### Step 1: Adjust for EV Penetration
State College has an EV penetration of 8.2%. The target site has lower EV adoption, so we'll reduce this percentage. Since the target site is a post-industrial city with a blue-collar workforce and no major university, we'll assume an EV penetration of 4.1% (approximately half of State College's rate).

### Step 2: Adjust for Population
State College has a population of 42,000. The target site is a mid-size post-industrial city in central PA, which we'll estimate to have a population of 25,000 (a reasonable size for a city with lower EV adoption).

The population adjustment factor is:
$$
\frac{25,000}{42,000} \approx 0.595
$$

### Step 3: Apply EV Penetration Adjustment
The EV penetration adjustment factor is:
$$
\frac{4.1\%}{8.2\%} = 0.5
$$

### Step 4: Apply Temperature Adjustment
The target site is in a colder area due to elevation, which increases energy demand. Since the reference site has an average temperature of 33.3°F, and the target site is colder, we'll apply a temperature adjustment factor of 1.1 (a 10% increase due to colder weather).

### Step 5: Combine Adjustments
Now, we combine all the adjustments:
$$
\text{Adjusted Demand} = \text{State College Demand} \times \text{Population Factor} \times \text{EV Penetration Factor} \times \text{Temperature Factor}
$$
$$
\text{Adjusted Demand} = 1684.2 \times 0.595 \times 0.5 \times 1.1
$$

First, calculate:
$$
1684.2 \times 0.595 = 1002.6
$$
$$
1002.6 \times 0.5 = 501.3
$$
$$
501.3 \times 1.1 = 551.43
$$

### Final Estimate
The estimated average daily EV charging demand for Altoona - Chestnut Ave Station in November is approximately **551.43 kWh**.

Now, calculate the ratio:
$$
\text{RATIO} = \frac{551.43}{1684.2} \approx 0.327
$$"
full,Altoona - Chestnut Ave Station,12,December,1415.21,566.1,0.4,"To estimate the average daily EV charging demand for Altoona - Chestnut Ave Station in December, we need to adjust the data from the reference site (State College, PA) based on the differences in population, EV penetration, and climate.

### Step 1: Adjust for EV Penetration
State College has an EV penetration of 8.2%. The target site has lower EV adoption, so we'll reduce this factor. Let's assume the target site has 4.5% EV penetration (a reasonable estimate for a post-industrial city with a blue-collar workforce and no major university).

**EV Penetration Adjustment Factor** = 4.5% / 8.2% ≈ 0.5488

### Step 2: Adjust for Population
State College has a population of 42,000. The target site is a mid-size post-industrial city in central PA, which we'll estimate to have a population of 30,000 (a typical size for such a city).

**Population Adjustment Factor** = 30,000 / 42,000 ≈ 0.7143

### Step 3: Adjust for Climate (Temperature)
State College has an average temperature of 30.1°F in December. The target site is at a higher elevation, leading to colder winters. Let's assume the average temperature is 28°F (a typical colder winter for a higher elevation city).

To adjust for colder temperatures, we apply a cold weather adjustment factor. For every degree below 30°F, we assume a 1.2% increase in demand. Since 28°F is 2°F colder, the adjustment factor is:

**Cold Weather Adjustment Factor** = 1 + (2 × 0.012) = 1.024

### Step 4: Combine Adjustments
Now, we combine all the adjustment factors:

**Total Adjustment Factor** = 0.5488 × 0.7143 × 1.024 ≈ 0.400

### Step 5: Apply to Reference Demand
The reference site has an average daily demand of 1415.2 kWh. Applying the total adjustment factor:

**Estimated Daily Demand** = 1415.2 × 0.400 ≈ 566.1 kWh

### Step 6: Calculate Ratio
**Ratio** = 566.1 / 1415.2 ≈ 0.400

>>DEMAND: 566.1
>>RATIO: 0.400"
full,Harrisburg - Market St Station,1,January,1430.94,1717.1,1.2,"To estimate the average daily EV charging demand for the Harrisburg - Market St Station in January, we need to consider several factors based on the transfer guidance and the characteristics of the target site.

### Step 1: Understand the Reference Site
- **State College, PA**: A university town with a population of 42,000 and an EV penetration rate of 8.2%.
- **January**: Average daily demand is 1430.9 kWh, with an average peak hourly demand of 98.2 kWh.
- **Temperature**: 33.6°F.

### Step 2: Understand the Target Site
- **Harrisburg**: A state capital with strong weekday government commuter demand.
- **Higher income than Altoona**, which suggests a higher EV penetration rate.
- **Warmer summers**, but we are focusing on January, which is likely similar in temperature to State College.
- **Sharp weekday vs. weekend contrast** due to government workers.
- **Periodic spikes** due to conferences and legislative events.
- **Strong Mon-Fri pattern**.

### Step 3: Adjust for Similarities and Differences
- **Mon-Fri pattern**: Similar to State College, but with government commuters instead of university students.
- **EV penetration**: Higher income and government workers may imply a higher EV penetration rate than 8.2%.
- **Temperature**: January in Harrisburg is likely slightly warmer than 33.6°F, which may increase demand slightly.
- **Peak demand**: Government commuters may lead to higher peak demand, but we are focusing on average daily demand.

### Step 4: Estimate the Daily Demand
- State College has an average daily demand of 1430.9 kWh.
- Harrisburg is expected to have a **higher** EV penetration rate, so we estimate a **higher** daily demand.
- Considering the **stronger weekday pattern** and **higher income**, we estimate that the daily demand for Harrisburg is **1.2 times** that of State College.

### Step 5: Calculate the Estimated Demand
- Estimated daily demand for Harrisburg = 1430.9 kWh × 1.2 = **1717.08 kWh**

### Step 6: Calculate the Ratio
- Ratio = 1717.08 / 1430.9 ≈ **1.20**

### Final Answer:
>>DEMAND: 1717.1
>>RATIO: 1.20"
full,Harrisburg - Market St Station,2,February,1447.11,,,"To estimate the average daily EV charging demand for the Harrisburg - Market St Station in February, we need to consider several factors based on the transfer guidance and the characteristics of the target site.

### Step 1: Understand the Reference Site
- **State College, PA**: A university town with a population of 42,000 and an EV penetration rate of 8.2%.
- **February**: Average daily demand is 1447.1 kWh, with an average peak hourly demand of 99.8 kWh.
- **Temperature**: 42.5°F.

### Step 2: Understand the Target Site
- **Harrisburg**: A state capital with strong weekday government commuter demand.
- **Higher income than Altoona**: This suggests a higher EV adoption rate compared to State College.
- **Warmer summers**: While not directly relevant to February, it implies that the climate is generally milder, which could influence EV charging patterns.
- **Sharp weekday vs weekend contrast**: Due to government workers, weekday demand is likely higher.
- **Conference and legislative events**: These can cause periodic spikes in demand.
- **Transfer guidance**: Strong Mon-Fri pattern. Replace PSU games with government events. Slightly warmer temperature profile.

### Step 3: Adjust for Differences
- **EV Penetration**: Harrisburg is likely to have a higher EV penetration rate than State College. Let's assume a 10% EV penetration rate for Harrisburg (slightly higher than State College's 8.2%).
- **Population**: Harrisburg is a state capital, likely larger than State College. Let's assume a population of 80,000 for Harrisburg.
- **Temperature**: Slightly warmer than State College, which may lead to slightly higher EV charging demand (as people may drive more in milder weather).
- **Weekday Pattern**: Stronger weekday demand, which is already reflected in the average daily demand (since the average is already an average over the week).

### Step 4: Estimate the Demand
- **State College**: 1447.1 kWh/day.
- **Harrisburg**: Assuming a higher EV penetration rate and slightly warmer weather, we can estimate a higher demand. Let's assume a 10% EV penetration rate and a slightly higher demand due to warmer weather and higher income.

Let’s estimate the demand for Harrisburg as follows:
- **EV Penetration**: 10% (vs. 8.2% in State College)
- **Population**: 80,000 (vs. 42,000 in State College)
- **Temperature**: Slightly warmer, so we can assume a 5% increase in demand.

Using these factors, we can estimate the demand for Harrisburg as:

$$
\text{Harrisburg Demand} = 1447.1 \times \left( \"
full,Harrisburg - Market St Station,3,March,1646.98,1976.4,1.2,"To estimate the average daily EV charging demand for the Harrisburg - Market St Station in March, we need to consider several factors based on the transfer guidance and the characteristics of the target site.

### Step 1: Understand the Reference Site
- **State College, PA**: A university town with a population of 42,000 and an EV penetration rate of 8.2%.
- **March**: Average daily demand is 1647.0 kWh, with an average peak hourly demand of 112.3 kWh and an average temperature of 54.8°F.

### Step 2: Understand the Target Site
- **Harrisburg**: A state capital with strong weekday government commuter demand. It has a higher income than Altoona, which suggests a higher EV penetration rate.
- **Climate**: Warmer summers, but we are focusing on March, which is likely similar in temperature to State College.
- **Demand Pattern**: Strong Mon-Fri pattern, with periodic spikes due to government events and conferences. This is similar to PSU games in State College, but we replace those with government events.

### Step 3: Adjust for Differences
- **EV Penetration**: Harrisburg is expected to have a higher EV penetration rate than State College. Let's assume a 10% EV penetration rate for Harrisburg (slightly higher than State College's 8.2%).
- **Population**: Harrisburg is likely larger than State College, but the exact population is not given. However, the strong government commuter demand suggests that the daily demand will be higher due to more people using EVs for commuting.
- **Temperature**: Harrisburg is slightly warmer than State College, but March temperatures are likely similar, so this factor may not significantly affect the demand.

### Step 4: Estimate the Daily Demand
- **State College**: 1647.0 kWh/day
- **Harrisburg**: Assuming a higher EV penetration rate and stronger weekday demand, we estimate that the daily demand will be higher. Let's assume a ratio of 1.2 (i.e., 20% higher than State College).

### Step 5: Calculate the Estimated Demand
- **Estimated Demand** = 1647.0 kWh/day × 1.2 = 1976.4 kWh/day

### Step 6: Calculate the Ratio
- **Ratio** = 1976.4 / 1647.0 ≈ 1.20

### Final Answer:
>>DEMAND: 1976.4
>>RATIO: 1.20"
full,Harrisburg - Market St Station,4,April,1616.54,1939.8,1.2,"To estimate the average daily EV charging demand for the Harrisburg - Market St Station in April, we need to consider several factors based on the transfer guidance and the characteristics of the target site.

### Step 1: Understand the Reference Site
- **State College, PA**: A university town with a population of 42,000 and an EV penetration rate of 8.2%.
- **April**: Average daily demand is 1616.5 kWh, with an average peak hourly demand of 110.7 kWh.
- **Average temperature**: 67.2°F.

### Step 2: Understand the Target Site
- **Harrisburg**: A state capital with strong weekday government commuter demand.
- **Higher income than Altoona**: This suggests a higher EV adoption rate compared to some other areas.
- **Warmer summers**: April is not the peak summer, but the overall temperature profile is slightly warmer than State College.
- **Weekday vs. weekend contrast**: Due to government workers, there is a strong Mon-Fri pattern.
- **Conference and legislative events**: These cause periodic spikes in demand.
- **Transfer guidance**: Strong Mon-Fri pattern. Replace PSU games with government events. Slightly warmer temperature profile.

### Step 3: Adjust for Differences
- **EV Penetration**: Harrisburg is likely to have a higher EV penetration rate than State College. Let's assume a 10% EV penetration rate for Harrisburg (slightly higher than State College's 8.2%).
- **Population**: Harrisburg is a state capital, likely larger than State College. Let's assume a population of 80,000 for Harrisburg.
- **Temperature**: Slightly warmer than State College, which may increase demand slightly.
- **Weekday Pattern**: Stronger weekday demand, which is already reflected in the average daily demand.

### Step 4: Estimate Daily Demand
- **State College**: 1616.5 kWh/day.
- **Harrisburg**: With a higher population, higher EV penetration, and slightly warmer temperatures, we can estimate a higher demand.
- Let's assume a ratio of 1.2 (based on higher EV penetration and population, with some adjustment for temperature).

### Step 5: Calculate the Estimated Demand
- **Estimated Demand** = 1616.5 kWh/day × 1.2 = 1939.8 kWh/day.

### Final Estimate
- **DEMAND**: 1939.8
- **RATIO**: 1.2

>>DEMAND: 1939.8
>>RATIO: 1.2"
full,Harrisburg - Market St Station,5,May,1652.46,1850.0,1.12,"To estimate the average daily EV charging demand for the Harrisburg - Market St Station in May, we need to consider several factors based on the characteristics of the target site and the reference site (State College, PA).

### Step 1: Understand the Reference Site
- **State College, PA** is a university town with a population of 42,000 and an EV penetration rate of 8.2%.
- In May, the average daily demand is 1652.5 kWh.
- The average peak hourly demand is 113.2 kWh.
- The average temperature is 76.6°F.

### Step 2: Understand the Target Site
- **Harrisburg** is the state capital with strong weekday government commuter demand.
- It has a higher income level than Altoona, which suggests a higher EV adoption rate.
- It has warmer summers, so May temperatures are likely similar to or slightly warmer than State College.
- There is a sharp contrast between weekday and weekend demand due to government workers.
- Conference and legislative events cause periodic spikes in demand.

### Step 3: Adjust for Similarities and Differences
- **Population and EV Penetration**: Harrisburg is likely to have a higher EV penetration rate than State College, as it has a higher income level and more government commuters.
- **Temperature**: Harrisburg is slightly warmer than State College, which may increase demand slightly.
- **Demand Pattern**: Harrisburg has a strong Mon-Fri pattern, similar to State College, but with government events causing periodic spikes. We will assume a similar average daily demand but with some variation due to events.
- **Peak Demand**: The peak demand is likely similar or slightly higher due to government commuters and events.

### Step 4: Estimate the Daily Demand
- State College has an average daily demand of 1652.5 kWh.
- Harrisburg is expected to have a slightly higher EV penetration rate, so we estimate a 10-15% increase in demand.
- Considering the slightly warmer temperature and periodic spikes, we adjust the demand accordingly.

### Step 5: Final Estimate
- A 10-15% increase from 1652.5 kWh would be approximately 1817.8 to 1900.4 kWh.
- Considering the slight increase due to temperature and events, we estimate the average daily demand for Harrisburg to be around **1850 kWh**.

### Step 6: Calculate the Ratio
- Ratio = 1850 / 1652.5 ≈ 1.12

### Final Answer
>>DEMAND: 1850
>>RATIO: 1.12"
full,Harrisburg - Market St Station,6,June,1948.74,2300.0,1.18,"To estimate the average daily EV charging demand for the Harrisburg - Market St Station in June, we need to consider several factors based on the characteristics of the target site and the reference site (State College, PA).

### Step 1: Understand the Reference Site
- **State College, PA** is a university town with a population of 42,000 and an EV penetration rate of 8.2%.
- In June, the average daily demand is 1948.7 kWh.
- The average peak hourly demand is 132.7 kWh.
- The average temperature is 80.0°F.

### Step 2: Understand the Target Site
- **Harrisburg** is the state capital with strong weekday government commuter demand.
- It has a higher income level than Altoona, which suggests a higher EV adoption rate.
- It has warmer summers, similar to the reference site.
- There is a sharp contrast between weekday and weekend demand due to government workers.
- There are periodic spikes due to conferences and legislative events.
- The transfer guidance suggests a strong Mon-Fri pattern, and we should replace PSU games with government events.

### Step 3: Adjust for Similarities and Differences
- **Population and EV Penetration**: Harrisburg is likely to have a higher EV penetration rate than State College due to higher income and government presence.
- **Temperature**: Harrisburg is warmer than State College, which may increase EV charging demand.
- **Demand Pattern**: Harrisburg has a stronger weekday pattern, which is similar to the reference site.
- **Events**: Government events may cause periodic spikes, similar to PSU games in State College.

### Step 4: Estimate the Demand
- State College has an average daily demand of 1948.7 kWh.
- Harrisburg is expected to have a higher EV penetration rate and warmer temperatures, which may increase demand.
- Given the strong weekday pattern and government commuter demand, we estimate that the average daily demand for Harrisburg will be higher than State College.

Assuming a reasonable increase due to higher EV penetration and warmer temperatures, we estimate the average daily demand for Harrisburg to be approximately **2300 kWh**.

### Step 5: Calculate the Ratio
- Ratio = Harrisburg demand / State College demand
- Ratio = 2300 / 1948.7 ≈ 1.18

### Final Answer
>>DEMAND: 2300
>>RATIO: 1.18"
full,Harrisburg - Market St Station,7,July,1889.59,1950.0,1.03,"To estimate the average daily EV charging demand for the Harrisburg - Market St Station in July, we need to consider several factors based on the characteristics of the target site and the reference site (State College, PA).

### Step 1: Understand the Reference Site
- **State College, PA** is a university town with a population of 42,000 and an EV penetration rate of 8.2%.
- In July, the average daily demand is 1889.6 kWh.
- The average peak hourly demand is 129.0 kWh.
- The average temperature is 76.6°F.

### Step 2: Understand the Target Site
- **Harrisburg** is the state capital, with a higher income level than Altoona.
- It has warmer summers, similar to State College, but slightly warmer.
- There is a strong weekday pattern due to government commuters.
- Weekends are less busy, with a sharp contrast between weekdays and weekends.
- There are periodic spikes due to conferences and legislative events.
- The reference site (State College) has a strong Mon-Fri pattern, but we need to replace PSU games with government events.

### Step 3: Adjust for Similarities and Differences
- **Population and EV Penetration**: Harrisburg is likely to have a higher EV penetration rate than State College, but we don't have exact data. However, since it's a state capital with higher income, we can assume a slightly higher EV penetration rate.
- **Temperature**: Harrisburg is slightly warmer than State College, which may increase demand slightly.
- **Weekday vs. Weekend Pattern**: The target site has a strong weekday pattern due to government commuters, similar to the reference site. However, the reference site has PSU games, which may have a different impact on demand. We will replace PSU games with government events, which may have a similar or slightly higher impact.
- **Event Spikes**: The target site has periodic spikes due to conferences and legislative events, which may increase demand slightly compared to the reference site.

### Step 4: Estimate the Daily Demand
- The reference site has an average daily demand of 1889.6 kWh.
- Considering the higher income and slightly warmer temperature, we can estimate that the demand for Harrisburg may be slightly higher than State College.
- However, the weekday pattern and event spikes may not significantly increase the average daily demand beyond the reference site.

### Step 5: Final Estimate
Based on the above reasoning, we estimate that the average daily EV charging demand for Harrisburg - Market St Station in July is slightly higher than State College, but not significantly so. A reasonable estimate would be around 1950 kWh.

### Final Answer
>>DEMAND: 1950
>>RATIO: 1.03"
full,Harrisburg - Market St Station,8,August,1947.25,2100.0,1.08,"To estimate the average daily EV charging demand for the Harrisburg - Market St Station in August, we need to consider several factors based on the characteristics of the target site and the reference site (State College, PA).

### Step 1: Understand the Reference Site
- **State College, PA** is a university town with a population of 42,000 and an EV penetration rate of 8.2%.
- In August, the average daily demand is 1947.2 kWh.
- The average peak hourly demand is 132.7 kWh.
- The average temperature is 67.5°F.

### Step 2: Understand the Target Site
- **Harrisburg** is the state capital with strong weekday government commuter demand.
- It has a higher income level than Altoona, which suggests a higher EV penetration rate.
- It has warmer summers, so the temperature is likely higher than 67.5°F.
- There is a sharp contrast between weekday and weekend demand due to government workers.
- There are periodic spikes due to conferences and legislative events.
- The site has a strong Mon-Fri pattern, similar to the reference site but with government events replacing PSU games.

### Step 3: Adjust for Differences
- **EV Penetration**: Harrisburg is likely to have a higher EV penetration rate than State College. Let's assume a 10% EV penetration rate for Harrisburg (slightly higher than State College's 8.2%).
- **Temperature**: Warmer temperatures may increase demand, so we can assume a slight increase in demand due to higher temperatures.
- **Demand Pattern**: Since Harrisburg has a strong Mon-Fri pattern and government events, we can assume that the average daily demand will be slightly higher than State College due to the additional events and government commuters.

### Step 4: Estimate the Daily Demand
- State College's average daily demand is 1947.2 kWh.
- Assuming a slightly higher EV penetration and warmer temperatures, we can estimate that the daily demand for Harrisburg will be around 2100 kWh.

### Step 5: Calculate the Ratio
- Ratio = Harrisburg demand / State College demand
- Ratio = 2100 / 1947.2 ≈ 1.078

### Final Estimate
- **DEMAND**: 2100 kWh
- **RATIO**: 1.08

>>DEMAND: 2100
>>RATIO: 1.08"
full,Harrisburg - Market St Station,9,September,1680.63,1800.0,1.07,"To estimate the average daily EV charging demand for the Harrisburg - Market St Station in September, we need to consider several factors based on the characteristics of the target site and the reference site (State College, PA).

### Step 1: Understand the Reference Site
- **State College, PA** is a university town with a population of 42,000 and an EV penetration rate of 8.2%.
- In September, the average daily demand is **1680.6 kWh**.
- The average peak hourly demand is **114.7 kWh**.
- The average temperature is **55.1°F**.

### Step 2: Understand the Target Site
- **Harrisburg** is the state capital, with a higher income level than Altoona.
- It has **strong weekday government commuter demand**, which suggests higher EV charging demand on weekdays.
- It has **warmer summers**, so September may be slightly warmer than State College.
- There is a **sharp weekday vs. weekend contrast** due to government workers.
- **Conference and legislative events** may cause periodic spikes in demand.
- The **transfer guidance** says to replace PSU games with government events, which implies similar weekday patterns but with government-related spikes.

### Step 3: Adjust for Similarities and Differences
- **Population and EV Penetration**: Harrisburg is likely to have a **higher EV penetration rate** than State College, as it is a state capital with more infrastructure and higher income.
- **Temperature**: Harrisburg is slightly warmer than State College, which may increase EV charging demand slightly.
- **Demand Pattern**: Harrisburg has a **stronger weekday pattern** with government commuters, which may increase the average daily demand compared to a university town.
- **Events**: Government events and legislative conferences may cause **periodic spikes**, which could increase the average daily demand.

### Step 4: Estimate the Demand
- State College has an average daily demand of **1680.6 kWh**.
- Given that Harrisburg has a **higher income**, **stronger weekday demand**, and **warmer temperatures**, we can estimate that the average daily demand for Harrisburg will be **higher** than State College.
- Based on the transfer guidance and the characteristics of the target site, we estimate that the average daily demand for Harrisburg in September will be **around 1800 kWh**.

### Step 5: Calculate the Ratio
- Ratio = Harrisburg demand / State College demand
- Ratio = 1800 / 1680.6 ≈ **1.07**

### Final Estimate
>>DEMAND: 1800
>>RATIO: 1.07"
full,Harrisburg - Market St Station,10,October,1660.35,1909.3,1.15,"To estimate the average daily EV charging demand for the Harrisburg - Market St Station in October, we need to consider several factors based on the characteristics of the target site and the reference site (State College, PA).

### Step 1: Understand the Reference Site
- **State College, PA**: A university town with a population of 42,000 and an EV penetration rate of 8.2%.
- **October**: Average daily demand is 1660.3 kWh, with an average peak hourly demand of 113.8 kWh.
- **Average temperature**: 42.8°F.

### Step 2: Understand the Target Site
- **Harrisburg**: A state capital with strong weekday government commuter demand.
- **Higher income than Altoona**, which suggests a higher EV adoption rate.
- **Warmer summers**, but we are focusing on October, which is not the warmest month.
- **Sharp weekday vs. weekend contrast** due to government workers.
- **Periodic spikes** due to conferences and legislative events.
- **Strong Mon-Fri pattern** (similar to PSU games in State College, but replaced with government events).

### Step 3: Adjust for Similarities and Differences
- **EV Penetration**: Harrisburg is likely to have a higher EV penetration rate than State College, given the higher income and government commuter demand.
- **Temperature**: Harrisburg is slightly warmer than State College, which may increase EV charging demand slightly.
- **Weekday vs. Weekend Pattern**: Harrisburg has a stronger weekday pattern, which may increase the average daily demand compared to State College, which may have a more even distribution.

### Step 4: Estimate the Demand
- State College has an average daily demand of 1660.3 kWh.
- Harrisburg is expected to have a higher EV penetration and a stronger weekday pattern, which may increase the average daily demand.
- Based on the transfer guidance, we estimate that the average daily demand for Harrisburg will be **15% higher** than State College.

### Step 5: Calculate the Estimated Demand
- 15% of 1660.3 kWh = 249.045 kWh
- Estimated demand for Harrisburg = 1660.3 + 249.045 = **1909.345 kWh**

### Step 6: Calculate the Ratio
- Ratio = 1909.345 / 1660.3 ≈ **1.15**

### Final Answer:
>>DEMAND: 1909.3
>>RATIO: 1.15"
full,Harrisburg - Market St Station,11,November,1684.24,,,"To estimate the average daily EV charging demand for the Harrisburg - Market St Station in November, we need to consider several factors based on the characteristics of the target site and the reference site (State College, PA).

### Step 1: Understand the Reference Site
- **State College, PA** is a university town with a population of 42,000 and an EV penetration rate of 8.2%.
- In November, the average daily demand is **1684.2 kWh**.
- The average peak hourly demand is **114.9 kWh**.
- The average temperature is **33.3°F**.

### Step 2: Understand the Target Site
- **Harrisburg** is the state capital with strong weekday government commuter demand.
- It has a higher income level than Altoona, which suggests a potentially higher EV penetration rate.
- It has warmer summers, but we are focusing on November, which is similar to State College in terms of temperature (though slightly warmer).
- There is a sharp contrast between weekday and weekend demand due to government workers.
- There are periodic spikes due to conferences and legislative events.
- The site has a **strong Mon-Fri pattern**, which is similar to the reference site's pattern (PSU games replaced by government events).

### Step 3: Adjust for Differences
- **EV Penetration**: Harrisburg is likely to have a higher EV penetration rate than State College. Let's assume a 10% EV penetration rate for Harrisburg (slightly higher than State College's 8.2%).
- **Population**: Harrisburg is likely to have a larger population than State College, which would increase demand. Let's assume a population of 60,000 for Harrisburg.
- **Temperature**: Harrisburg is slightly warmer than State College in November, which may increase demand slightly.
- **Demand Pattern**: The strong Mon-Fri pattern in Harrisburg is similar to the reference site's pattern, so we can assume a similar daily demand pattern.

### Step 4: Estimate the Daily Demand
- **State College**: 1684.2 kWh/day
- **Harrisburg**: 
  - Population: 60,000 vs. 42,000 → 1.43 times larger
  - EV Penetration: 10% vs. 8.2% → 1.22 times higher
  - Temperature: Slightly warmer → 1.05 times higher
  - Demand Pattern: Similar → 1.00 times

So, the estimated daily demand for Harrisburg would be:
$$
1684.2 \times 1.43 \times 1.22 \times 1.05 \approx 3067.6 \text{ kWh/day}
$$

### Step 5: Calculate"
full,Harrisburg - Market St Station,12,December,1415.21,,,"To estimate the average daily EV charging demand for the Harrisburg - Market St Station in December, we need to consider several factors based on the transfer guidance and the characteristics of the target site.

### Step 1: Understand the Reference Site
- **State College, PA**: A university town with a population of 42,000 and an EV penetration rate of 8.2%.
- **December**: Average daily demand is 1415.2 kWh, with an average peak hourly demand of 97.2 kWh.
- **Average temperature**: 30.1°F.

### Step 2: Understand the Target Site
- **Harrisburg**: A state capital with strong weekday government commuter demand.
- **Higher income than Altoona**: This suggests a higher EV adoption rate compared to smaller towns.
- **Warmer summers**: December temperatures are likely warmer than in State College, which may increase EV usage.
- **Sharp weekday vs weekend contrast**: Government workers are likely to use EVs more on weekdays.
- **Conference and legislative events**: These can cause periodic spikes in demand.
- **Strong Mon-Fri pattern**: Similar to PSU games in State College, but replaced with government events.

### Step 3: Adjust for Differences
- **EV Penetration**: Harrisburg is likely to have a higher EV penetration rate than State College. Let's assume a 10% EV penetration rate for Harrisburg (slightly higher than State College's 8.2%).
- **Temperature**: Warmer December temperatures may increase EV usage, so we can assume a slight increase in demand.
- **Weekday Pattern**: Stronger weekday demand in Harrisburg due to government commuters.
- **Event Impact**: Conference and legislative events may cause periodic spikes, but we'll focus on average daily demand.

### Step 4: Estimate the Demand
- **Population**: Harrisburg is a larger city than State College, so we can assume a higher population.
- **EV Penetration**: 10% vs. 8.2%.
- **Temperature**: Slightly warmer, so we can assume a 5% increase in demand.
- **Weekday Pattern**: Stronger weekday demand, so we can assume a 10% increase in average daily demand.

Using these assumptions, we can estimate the average daily demand for Harrisburg as follows:

$$
\text{Estimated Demand} = 1415.2 \times \left( \frac{10}{8.2} \right) \times 1.05 \times 1.10
$$

$$
\text{Estimated Demand} = 1415.2 \times 1.22 \times 1.05 \times 1.10
$$

$$
\text{Estimated Demand} = 1415.2 \times 1.37
$$"
no_desc,Altoona - Chestnut Ave Station,1,January,1430.94,536.6,0.375,"To estimate the average daily EV charging demand for Altoona - Chestnut Ave Station in January, we need to adjust the known data from the reference site (State College, PA) based on several factors:

### Step 1: Calculate the reference site's EV charging demand
The reference site (State College, PA) has an average daily demand of **1430.9 kWh**. This is already the average daily EV charging demand for the site.

### Step 2: Adjust for EV penetration
State College has an EV penetration of **8.2%**, while Altoona has **4.1%**. Since EV penetration is lower in Altoona, we scale down the demand accordingly.

- Scaling factor = 4.1% / 8.2% = 0.50

- Adjusted demand = 1430.9 kWh × 0.50 = **715.45 kWh**

### Step 3: Adjust for university event effects
State College is a university town, which may have higher EV demand due to events and student activity. Since Altoona does not have a university, we reduce the demand by a factor of 0.75 (as per the transfer guidance).

- Adjusted demand = 715.45 kWh × 0.75 = **536.59 kWh**

### Step 4: Adjust for cold weather
The reference site has an average temperature of **33.6°F**, and the target site is in January, which is also cold. However, the transfer guidance says to apply elevation-based cold weather adjustment. Since we don't have elevation data for Altoona, we assume the temperature is similar to State College, so no additional adjustment is needed.

### Step 5: Final estimate
The final estimated average daily EV charging demand for Altoona - Chestnut Ave Station in January is **536.59 kWh**.

### Step 6: Calculate the ratio
- Ratio = 536.59 / 1430.9 ≈ **0.375**

>>DEMAND: 536.6
>>RATIO: 0.375"
no_desc,Altoona - Chestnut Ave Station,2,February,1447.11,603.0,0.417,"To estimate the average daily EV charging demand for Altoona - Chestnut Ave Station in February, we need to adjust the known data from the reference site (State College, PA) based on several factors:

### Step 1: Calculate the average daily EV charging demand for State College
We are given:
- Average daily demand for State College: **1447.1 kWh**

### Step 2: Adjust for EV penetration
State College has an EV penetration of **8.2%**, while Altoona has **4.1%**.  
EV penetration is a key factor in determining EV charging demand.

- Ratio of EV penetration:  
  $ \frac{4.1}{8.2} = 0.50 $

- Adjusted daily demand based on EV penetration:  
  $ 1447.1 \times 0.50 = 723.55 \, \text{kWh} $

### Step 3: Adjust for temperature
The average temperature in both locations is **42.5°F**, so no temperature adjustment is needed.

### Step 4: Adjust for university event effects
State College is a university town, which may lead to higher EV charging demand due to events and student activity. Since Altoona does not have a university, we need to **scale down** the university effect.

- Assume the university effect increases demand by a factor of **1.2** (a rough estimate based on typical university effects).
- To scale down, we divide by **1.2**:

- Adjusted daily demand after scaling down university effect:  
  $ 723.55 \div 1.2 = 602.96 \, \text{kWh} $

### Step 5: Final Estimate
The final estimated average daily EV charging demand for Altoona - Chestnut Ave Station in February is approximately **602.96 kWh**.

### Step 6: Calculate the ratio
- Ratio = $ \frac{602.96}{1447.1} \approx 0.4167 $

### Final Answer:
>>DEMAND: 603.0
>>RATIO: 0.417"
no_desc,Altoona - Chestnut Ave Station,3,March,1646.98,648.5,0.4,"To estimate the average daily EV charging demand for Altoona - Chestnut Ave Station in March, we need to adjust the known data from the reference site (State College, PA) based on several factors:

### Step 1: Calculate the average daily EV charging demand for State College
We are given:
- Average daily demand: 1647.0 kWh

This is the demand for the reference site in March.

### Step 2: Adjust for EV penetration
State College has an EV penetration of 8.2%, while Altoona has 4.1%. Since EV penetration is lower in Altoona, we scale down the demand accordingly.

- EV penetration ratio = 4.1% / 8.2% = 0.50

So, the adjusted demand based on EV penetration is:
- 1647.0 kWh × 0.50 = 823.5 kWh

### Step 3: Adjust for university event effects
State College is a university town, which may lead to higher EV charging demand due to events and student activity. Since Altoona does not have a university, we need to scale down the demand to account for this factor. We assume that the university effect reduces the demand by a factor of 0.75 (a reasonable estimate based on typical event-based demand fluctuations).

- 823.5 kWh × 0.75 = 617.6 kWh

### Step 4: Apply elevation-based cold weather adjustment
The reference site (State College) has an average temperature of 54.8°F, which is relatively mild. Since the target site (Altoona) is at a slightly higher elevation, we assume that the cold weather may slightly increase the demand. However, since the temperature is not provided for Altoona, we assume a small adjustment factor of 1.05 (a slight increase due to colder weather).

- 617.6 kWh × 1.05 = 648.5 kWh

### Final Estimate
The estimated average daily EV charging demand for Altoona - Chestnut Ave Station in March is approximately **648.5 kWh**.

Now, calculate the ratio to State College demand:
- Ratio = 648.5 / 1647.0 ≈ 0.40

>>DEMAND: 648.5
>>RATIO: 0.40"
no_desc,Altoona - Chestnut Ave Station,4,April,1616.54,628.39,0.39,"To estimate the average daily EV charging demand for Altoona - Chestnut Ave Station in April, we need to adjust the known data from the reference site (State College, PA) based on several factors:

### Step 1: Use the reference site's average daily demand
- State College, PA: 1616.5 kWh/day

### Step 2: Adjust for EV penetration
- State College EV penetration: 8.2%
- Altoona EV penetration: 4.1%
- EV penetration ratio = 4.1% / 8.2% ≈ 0.5

### Step 3: Adjust for population
- State College population: 42,000
- Altoona population: 43,000
- Population ratio = 43,000 / 42,000 ≈ 1.0238

### Step 4: Adjust for university event effects
- State College has a university, so we need to scale down the effect of university events.
- Since Altoona does not have a university, we assume the event effect is reduced by a factor of 0.8 (as a reasonable estimate for scaling down university-related demand).

### Step 5: Apply elevation-based cold weather adjustment
- The reference site (State College) is at a lower elevation, and the temperature is 67.2°F.
- Since Altoona is at a slightly higher elevation, we assume a cold weather adjustment factor of 0.95 (as a reasonable estimate for colder weather).

### Step 6: Combine all adjustments
- Adjusted demand = Reference demand × EV penetration ratio × Population ratio × University event scaling × Cold weather adjustment
- Adjusted demand = 1616.5 × 0.5 × 1.0238 × 0.8 × 0.95

Let's calculate this:

1. 1616.5 × 0.5 = 808.25  
2. 808.25 × 1.0238 ≈ 826.83  
3. 826.83 × 0.8 ≈ 661.46  
4. 661.46 × 0.95 ≈ 628.39

### Final Estimate
- Estimated average daily EV charging demand for Altoona - Chestnut Ave Station in April: 628.39 kWh
- Ratio = 628.39 / 1616.5 ≈ 0.39

>>DEMAND: 628.39
>>RATIO: 0.39"
no_desc,Altoona - Chestnut Ave Station,5,May,1652.46,743.6,0.45,"To estimate the average daily EV charging demand for Altoona - Chestnut Ave Station in May, we need to adjust the known data from the reference site (State College, PA) based on several factors:

### Step 1: Calculate the average daily EV charging demand for the reference site
The reference site (State College) has an average daily demand of **1652.5 kWh**.

### Step 2: Adjust for EV penetration
State College has an EV penetration of **8.2%**, while Altoona has **4.1%**. This means Altoona has a lower proportion of EVs in the population, so we scale down the demand accordingly.

- EV penetration ratio = 4.1% / 8.2% ≈ 0.50

### Step 3: Apply the EV penetration adjustment
- Adjusted daily demand = 1652.5 kWh × 0.50 ≈ 826.25 kWh

### Step 4: Adjust for university event effects
Since Altoona does not have a university, we need to reduce the effect of university events that may increase demand. This is a qualitative adjustment, but we can assume a reduction of about 10% to account for the absence of university events.

- Adjusted daily demand = 826.25 kWh × 0.90 ≈ 743.63 kWh

### Step 5: Apply elevation-based cold weather adjustment
The reference site is in Pennsylvania, and the target site is also in Pennsylvania, so elevation adjustments are likely similar. However, since the temperature is the same (76.6°F), no adjustment is needed for cold weather.

### Final Estimate
The estimated average daily EV charging demand for Altoona - Chestnut Ave Station in May is approximately **743.63 kWh**.

Now, calculate the ratio to the reference site (State College):

- Ratio = 743.63 / 1652.5 ≈ 0.45

>>DEMAND: 743.6
>>RATIO: 0.45"
no_desc,Altoona - Chestnut Ave Station,6,June,1948.74,779.5,0.4,"To estimate the average daily EV charging demand for Altoona - Chestnut Ave Station in June, we need to adjust the known data from the reference site (State College, PA) based on several factors:

### Step 1: Calculate the average daily EV charging demand for the reference site
From the reference site data:
- EV penetration = 8.2%
- Average daily demand = 1948.7 kWh

This implies that the total daily demand is already based on the EV penetration rate. So, the reference site's average daily EV charging demand is **1948.7 kWh**.

### Step 2: Adjust for EV penetration at the target site
The target site has an EV penetration of 4.1%, which is lower than the reference site's 8.2%. Therefore, we scale down the reference demand by the ratio of the EV penetration rates:

$$
\text{Adjusted demand} = 1948.7 \times \frac{4.1}{8.2} = 1948.7 \times 0.5 = 974.35 \, \text{kWh}
$$

### Step 3: Adjust for university event effects
The reference site has a university, which may cause higher EV charging demand due to events and increased EV usage. Since the target site does not have a university, we reduce the demand by a factor. A common adjustment is to reduce the demand by 20% for no university effects:

$$
\text{Adjusted demand} = 974.35 \times 0.8 = 779.48 \, \text{kWh}
$$

### Step 4: Apply elevation-based cold weather adjustment
The reference site is in Pennsylvania, and the target site is also in Pennsylvania, so elevation adjustments are likely similar. However, since the temperature is the same (80.0°F), and no elevation difference is mentioned, we assume no adjustment is needed.

### Final Estimate
The estimated average daily EV charging demand for Altoona - Chestnut Ave Station in June is **779.5 kWh**.

Now, calculate the ratio to the reference site's demand:

$$
\text{RATIO} = \frac{779.5}{1948.7} \approx 0.40
$$

>>DEMAND: 779.5
>>RATIO: 0.40"
no_desc,Altoona - Chestnut Ave Station,7,July,1889.59,755.8,0.4,"To estimate the average daily EV charging demand for Altoona - Chestnut Ave Station in July, we need to adjust the known data from the reference site (State College, PA) based on several factors:

### Step 1: Calculate the average daily EV charging demand for State College
From the reference data:
- EV penetration = 8.2%
- Average daily demand = 1889.6 kWh

This implies that the total daily demand is already based on EV penetration. So, the average daily EV charging demand for State College is **1889.6 kWh**.

### Step 2: Adjust for EV penetration at Altoona
Altoona has an EV penetration of 4.1%, which is lower than State College's 8.2%. To estimate the average daily EV charging demand at Altoona, we scale the State College demand by the ratio of EV penetration:

$$
\text{Adjusted daily demand} = 1889.6 \times \frac{4.1}{8.2}
$$

$$
\text{Adjusted daily demand} = 1889.6 \times 0.50 = 944.8 \, \text{kWh}
$$

### Step 3: Adjust for university event effects
State College has a university, which may cause higher EV demand due to events, while Altoona does not. Therefore, we need to **scale down** the demand to account for the absence of university events. A reasonable adjustment factor is 0.8 (i.e., 80% of the original demand):

$$
\text{Adjusted daily demand} = 944.8 \times 0.8 = 755.84 \, \text{kWh}
$$

### Step 4: Apply elevation-based cold weather adjustment
The reference site is in Pennsylvania, and the target site is also in Pennsylvania, so elevation adjustments are likely minimal. However, since the temperature is the same (76.6°F), and no elevation difference is mentioned, we assume no adjustment is needed.

### Final Estimate
The estimated average daily EV charging demand for Altoona - Chestnut Ave Station in July is **755.84 kWh**.

Now, calculate the ratio to State College's demand:

$$
\text{RATIO} = \frac{755.84}{1889.6} \approx 0.40
$$

>>DEMAND: 755.8
>>RATIO: 0.40"
no_desc,Altoona - Chestnut Ave Station,8,August,1947.25,778.9,0.4,"To estimate the average daily EV charging demand for Altoona - Chestnut Ave Station in August, we need to adjust the known data from the reference site (State College, PA) based on several factors:

### Step 1: Calculate the average daily EV charging demand for State College
From the reference data:
- EV penetration = 8.2%
- Average daily demand = 1947.2 kWh

This implies that the total daily demand is already based on EV penetration. So, the average daily EV charging demand for State College is **1947.2 kWh**.

### Step 2: Adjust for EV penetration at Altoona
Altoona has an EV penetration of 4.1%, which is lower than State College's 8.2%. To estimate the average daily EV charging demand at Altoona, we scale the State College demand by the ratio of EV penetration:

$$
\text{Adjusted daily demand} = 1947.2 \times \frac{4.1}{8.2} = 1947.2 \times 0.5 = 973.6 \, \text{kWh}
$$

### Step 3: Adjust for university event effects
State College has a university, which may increase EV charging demand due to events, student activity, etc. Since Altoona does not have a university, we need to **scale down** the demand by a factor. A reasonable assumption is that the presence of a university increases demand by about 20–30%. To scale down, we reduce the demand by 20% (i.e., multiply by 0.8):

$$
\text{Adjusted demand after university effect} = 973.6 \times 0.8 = 778.9 \, \text{kWh}
$$

### Step 4: Apply elevation-based cold weather adjustment
The reference site (State College) has an average temperature of 67.5°F, which is relatively mild. Since Altoona is at a slightly higher elevation (assuming similar to State College), and the temperature is also around 67.5°F, we assume no significant cold weather adjustment is needed. Therefore, we do not adjust the demand further.

### Final Estimate
The estimated average daily EV charging demand for Altoona - Chestnut Ave Station in August is **778.9 kWh**.

Now, calculate the ratio to State College demand:

$$
\text{Ratio} = \frac{778.9}{1947.2} \approx 0.40
$$

>>DEMAND: 778.9
>>RATIO: 0.40"
no_desc,Altoona - Chestnut Ave Station,9,September,1680.63,700.25,0.417,"To estimate the average daily EV charging demand for Altoona - Chestnut Ave Station in September, we need to adjust the known data from the reference site (State College, PA) based on several factors:

### Step 1: Calculate the average daily EV charging demand for State College
We are given:
- Average daily demand for State College: **1680.6 kWh**

### Step 2: Adjust for EV penetration
State College has an EV penetration of **8.2%**, while Altoona has **4.1%**.  
EV penetration is a key factor in determining EV charging demand.

- Ratio of EV penetration:  
  $ \frac{4.1}{8.2} = 0.50 $

- Adjusted daily demand based on EV penetration:  
  $ 1680.6 \times 0.50 = 840.3 \, \text{kWh} $

### Step 3: Adjust for temperature (cold weather effect)
The average temperature in September for both sites is **55.1°F**, which is within a normal range and does not require a significant adjustment. Since the problem mentions applying elevation-based cold weather adjustment, but no elevation data is provided, we assume no adjustment is needed.

### Step 4: Adjust for university event effects
State College is a university town, which may lead to higher EV charging demand due to events and student activity. Since Altoona does not have a university, we need to **scale down** the university effect.

- Assume the university effect increases demand by a factor of **1.2** (a rough estimate based on typical university effects).
- To scale down, we divide by **1.2**:

- Adjusted daily demand after scaling down university effect:  
  $ 840.3 \div 1.2 = 700.25 \, \text{kWh} $

### Final Estimate
The estimated average daily EV charging demand for Altoona - Chestnut Ave Station in September is **700.25 kWh**.

Now, calculate the ratio to State College demand:

- Ratio = $ \frac{700.25}{1680.6} \approx 0.417 $

### Final Answer
>>DEMAND: 700.25
>>RATIO: 0.417"
no_desc,Altoona - Chestnut Ave Station,10,October,1660.35,581.1,0.35,"To estimate the average daily EV charging demand for Altoona - Chestnut Ave Station in October, we need to adjust the known data from the reference site (State College, PA) based on several factors:

### Step 1: Calculate the average daily EV charging demand for State College
We are given:
- Average daily demand: 1660.3 kWh

This is the demand for the reference site in October.

### Step 2: Adjust for EV penetration
State College has an EV penetration of 8.2%, while Altoona has 4.1%. Since EV penetration is lower in Altoona, we scale down the demand accordingly.

- EV penetration ratio = 4.1% / 8.2% ≈ 0.50

So, the adjusted demand based on EV penetration is:
1660.3 kWh × 0.50 ≈ 830.15 kWh

### Step 3: Adjust for university event effects
State College is a university town, which may lead to higher EV charging demand due to events and student activity. Since Altoona does not have a university, we need to reduce the demand to account for the absence of these events.

- University effect adjustment factor = 0.70 (assumed based on typical event impact)

So, the adjusted demand based on university effect is:
830.15 kWh × 0.70 ≈ 581.11 kWh

### Step 4: Apply elevation-based cold weather adjustment
The reference site is in State College, PA, and the target site is in Altoona, PA. Both are in the same region, but we assume that the cold weather in October (average temperature of 42.8°F) may affect charging demand. Since the temperature is similar, we assume no significant adjustment is needed. However, if we were to apply a cold weather adjustment factor (e.g., 1.1 for colder temperatures), we would increase the demand. Since no specific elevation or temperature adjustment is given, we assume no adjustment is needed.

So, the final adjusted demand remains:
≈ 581.11 kWh

### Step 5: Calculate the ratio
Ratio = Target demand / State College demand = 581.11 / 1660.3 ≈ 0.35

### Final Answer:
>>DEMAND: 581.1
>>RATIO: 0.35"
no_desc,Altoona - Chestnut Ave Station,11,November,1684.24,631.6,0.375,"To estimate the average daily EV charging demand for Altoona - Chestnut Ave Station in November, we need to adjust the known data from the reference site (State College, PA) based on several factors:

### Step 1: Calculate the average daily EV charging demand for State College
We are given:
- Average daily demand for State College: **1684.2 kWh**

### Step 2: Adjust for EV penetration
State College has an EV penetration of **8.2%**, while Altoona has **4.1%**.  
EV penetration is the proportion of vehicles that are electric. Since Altoona has a lower EV penetration, we expect a lower demand.

- Ratio of EV penetration:  
  $ \frac{4.1}{8.2} = 0.50 $

- Adjusted daily demand based on EV penetration:  
  $ 1684.2 \times 0.50 = 842.1 \, \text{kWh} $

### Step 3: Adjust for temperature
The average temperature in November for both sites is **33.3°F**, so no temperature adjustment is needed.

### Step 4: Adjust for university event effects
State College is a university town, which may have higher EV charging demand due to events, campus usage, and student activity. Since Altoona does not have a university, we need to **scale down** the demand to account for this.

- Assume university event effects reduce demand by a factor of **0.75** (a reasonable estimate based on typical campus vs. non-campus demand).

- Adjusted daily demand based on university effects:  
  $ 842.1 \times 0.75 = 631.6 \, \text{kWh} $

### Step 5: Final estimate
The final estimated average daily EV charging demand for Altoona - Chestnut Ave Station in November is **631.6 kWh**.

### Step 6: Calculate the ratio
- Ratio = $ \frac{631.6}{1684.2} \approx 0.375 $

>>DEMAND: 631.6
>>RATIO: 0.375"
no_desc,Altoona - Chestnut Ave Station,12,December,1415.21,691.68,0.488,"To estimate the average daily EV charging demand for Altoona - Chestnut Ave Station in December, we need to adjust the known data from the reference site (State College, PA) based on several factors:

### Step 1: Calculate the average daily EV charging demand for State College
We are given:
- Average daily demand for State College: **1415.2 kWh**

### Step 2: Adjust for EV penetration
State College has an EV penetration of **8.2%**, while Altoona has **4.1%**.  
EV penetration is the proportion of vehicles that are electric. Since Altoona has a lower EV penetration, we expect a lower demand.

- Ratio of EV penetration:  
  $ \frac{4.1}{8.2} = 0.50 $

- Adjusted demand based on EV penetration:  
  $ 1415.2 \times 0.50 = 707.6 \, \text{kWh} $

### Step 3: Adjust for temperature
The average temperature in State College is **30.1°F**, and we are told to apply a **cold weather adjustment**. Since the target site is in the same month (December), we assume the temperature is similar. However, we need to apply a cold weather adjustment factor.

Assuming a cold weather adjustment factor of **1.15** (a common adjustment for cold weather in EV charging demand), we apply this to the adjusted demand:

- Adjusted demand for cold weather:  
  $ 707.6 \times 1.15 = 813.74 \, \text{kWh} $

### Step 4: Adjust for university event effects
State College has a university, which may cause higher demand due to events. Since Altoona does not have a university, we need to **scale down** the university effect. Assuming a scaling factor of **0.85** (to account for the absence of university events), we apply this:

- Final adjusted demand:  
  $ 813.74 \times 0.85 = 691.68 \, \text{kWh} $

### Final Estimate
- **Average daily EV charging demand for Altoona - Chestnut Ave Station in December**: **691.68 kWh**
- **Ratio to State College demand**:  
  $ \frac{691.68}{1415.2} = 0.488 $

>>DEMAND: 691.68
>>RATIO: 0.488"
no_desc,Harrisburg - Market St Station,1,January,1430.94,1411.0,0.986,"To estimate the average daily EV charging demand for Harrisburg - Market St Station in January, we need to consider several factors: population, EV penetration, and the influence of the reference site (State College, PA).

### Step 1: Calculate the expected number of EVs in Harrisburg
- Population: 50,000
- EV penetration: 6.8%
- Expected number of EVs = 50,000 × 0.068 = 3,400 EVs

### Step 2: Estimate average daily charging demand per EV
From the reference site (State College, PA):
- Average daily demand: 1,430.9 kWh
- Number of EVs (estimated based on population and EV penetration): 
  - Population: 42,000
  - EV penetration: 8.2%
  - EVs = 42,000 × 0.082 = 3,444 EVs
- Average daily demand per EV = 1,430.9 kWh / 3,444 ≈ 0.415 kWh per EV per day

### Step 3: Apply this rate to Harrisburg
- Number of EVs in Harrisburg: 3,400
- Average daily demand = 3,400 × 0.415 ≈ 1,411 kWh

### Step 4: Adjust for differences between the two sites
- Harrisburg has a slightly warmer temperature profile than State College, which may increase demand slightly.
- Harrisburg does not have a university, so we should reduce the demand slightly compared to State College (which has a strong Mon-Fri pattern due to the university and PSU games).
- Since the reference site has a higher EV penetration (8.2% vs. 6.8%), we should adjust the demand accordingly.

### Step 5: Final adjustment
- State College has 3,444 EVs, Harrisburg has 3,400 EVs → slightly fewer EVs.
- State College has a stronger Mon-Fri pattern, but Harrisburg has a slightly warmer temperature → slight increase in demand.
- Overall, the demand for Harrisburg is slightly lower than State College due to fewer EVs and no university.

### Final Estimate
- Adjusted average daily demand for Harrisburg: 1,411 kWh

### Ratio Calculation
- Ratio = 1,411 / 1,430.9 ≈ 0.986

>>DEMAND: 1411
>>RATIO: 0.986"
no_desc,Harrisburg - Market St Station,2,February,1447.11,1427.6,0.987,"To estimate the average daily EV charging demand for Harrisburg - Market St Station in February, we need to consider several factors, including population, EV penetration, and the influence of the reference site (State College, PA).

### Step 1: Use the reference site data
- **State College, PA**:
  - Population: 42,000
  - EV penetration: 8.2%
  - Average daily demand: 1447.1 kWh

### Step 2: Apply the target site characteristics
- **Harrisburg - Market St Station**:
  - Population: 50,000
  - EV penetration: 6.8%
  - Has university: No
  - Average household income: $44k (not directly relevant, but may influence EV adoption)
  - Temperature: Slightly warmer than State College (February average temperature is 42.5°F, but we assume it's slightly higher for Harrisburg)

### Step 3: Adjust for population and EV penetration
- Population is higher in Harrisburg (50,000 vs. 42,000), so we expect a higher demand.
- EV penetration is lower in Harrisburg (6.8% vs. 8.2%), so we expect a lower demand.

### Step 4: Calculate the ratio of EV penetration
- EV penetration ratio = 6.8% / 8.2% ≈ 0.829

### Step 5: Adjust for population
- Population ratio = 50,000 / 42,000 ≈ 1.190

### Step 6: Combine the two ratios
- Combined ratio = 0.829 * 1.190 ≈ 0.987

### Step 7: Apply the combined ratio to the reference site demand
- Estimated daily demand = 1447.1 kWh * 0.987 ≈ 1427.6 kWh

### Step 8: Adjust for the stronger Mon-Fri pattern and replace PSU games with government events
- This adjustment slightly increases the demand, as the reference site has a strong Mon-Fri pattern. Since the target site has no university, we assume the pattern is similar but slightly adjusted.

### Final Estimate
- Adjusted daily demand ≈ 1427.6 kWh (slightly increased due to stronger weekday pattern)

### Final Answer
>>DEMAND: 1427.6
>>RATIO: 0.987"
no_desc,Harrisburg - Market St Station,3,March,1646.98,1614.1,0.986,"To estimate the average daily EV charging demand for the Harrisburg - Market St Station in March, we need to consider several factors, including population, EV penetration, and the influence of events (e.g., games vs. government events). Here's the step-by-step reasoning:

1. **Population and EV Penetration**:  
   - State College has a population of 42,000 with an EV penetration of 8.2%.  
   - Harrisburg has a population of 50,000 with an EV penetration of 6.8%.  
   - Since EV penetration is lower in Harrisburg, we expect the daily demand to be lower than State College, but the larger population may offset this.

2. **Population Adjustment**:  
   - Harrisburg is 50,000 vs. State College's 42,000.  
   - The ratio of populations is 50,000 / 42,000 ≈ 1.19.  
   - This suggests that Harrisburg may have a slightly higher demand due to the larger population, but this is offset by lower EV penetration.

3. **EV Penetration Adjustment**:  
   - EV penetration in Harrisburg is 6.8% vs. 8.2% in State College.  
   - The ratio of EV penetration is 6.8% / 8.2% ≈ 0.83.  
   - This suggests that Harrisburg's EV demand is about 83% of State College's.

4. **Combining Population and EV Penetration**:  
   - The combined effect is:  
     (Population ratio) × (EV penetration ratio) = 1.19 × 0.83 ≈ 1.00.  
   - This suggests that the overall demand for Harrisburg is roughly the same as State College, but we need to consider the event pattern.

5. **Event Pattern Adjustment**:  
   - The transfer guidance says to replace PSU games with government events.  
   - This suggests that the peak demand pattern may be slightly different, but the overall daily demand is expected to be similar.  
   - Since the temperature is slightly warmer in Harrisburg, this may lead to slightly higher demand, but not significantly.

6. **Final Estimate**:  
   - State College's average daily demand is 1647.0 kWh.  
   - Based on the above adjustments, we estimate that Harrisburg's average daily demand is slightly lower due to lower EV penetration, but the larger population and slightly warmer temperature may offset this.  
   - A reasonable estimate is 1647.0 × 0.98 ≈ 1614.06 kWh.

>>DEMAND: 1614.1
>>RATIO: 0.986"
no_desc,Harrisburg - Market St Station,4,April,1616.54,1550.0,0.96,"To estimate the average daily EV charging demand for the Harrisburg - Market St Station in April, we need to consider several factors, including population, EV penetration, and the influence of events (like games vs. government events). Here's the step-by-step reasoning:

1. **Population and EV Penetration**: 
   - State College has a population of 42,000 with an EV penetration of 8.2%.
   - Harrisburg has a population of 50,000 with an EV penetration of 6.8%.
   - Since EV penetration is lower in Harrisburg, we expect the daily demand to be lower than State College, but the larger population may offset this.

2. **Population Adjustment**:
   - Harrisburg is about 1.43 times larger than State College (50,000 / 42,000 ≈ 1.19).
   - However, EV penetration is lower (6.8% vs. 8.2%), so we adjust for that.

3. **EV Penetration Adjustment**:
   - The EV penetration ratio is 6.8% / 8.2% ≈ 0.829.
   - So, the expected EV demand would be adjusted by this ratio.

4. **Combined Adjustment**:
   - The overall adjustment factor is the product of the population and EV penetration adjustments.
   - Adjustment factor = 1.19 * 0.829 ≈ 1.00.

5. **Temperature Influence**:
   - The temperature in Harrisburg is slightly warmer than in State College, which may increase demand slightly. However, the problem states to ""slightly warmer temperature profile,"" so we assume a small increase in demand.

6. **Base Demand**:
   - State College's average daily demand is 1616.5 kWh.
   - Applying the adjustment factor (≈1.00) and a slight increase due to temperature, we estimate the demand for Harrisburg to be slightly higher than State College.

7. **Final Estimate**:
   - Since the adjustment factor is close to 1 and the temperature effect is small, we estimate the average daily demand for Harrisburg - Market St Station in April to be approximately 1616.5 kWh.

However, considering the lower EV penetration and slightly warmer temperature, we adjust slightly downward. A reasonable estimate would be:

**Final Estimate**: 1550 kWh

Now, calculate the ratio:

- Ratio = 1550 / 1616.5 ≈ 0.959

>>DEMAND: 1550
>>RATIO: 0.96"
no_desc,Harrisburg - Market St Station,5,May,1652.46,1652.5,1.0,"To estimate the average daily EV charging demand for Harrisburg - Market St Station in May, we need to consider several factors, including population, EV penetration, and the influence of events (like games vs. government events). Here's the step-by-step reasoning:

1. **Population and EV Penetration**: 
   - State College has a population of 42,000 with an EV penetration of 8.2%.
   - Harrisburg has a population of 50,000 with an EV penetration of 6.8%.
   - Since EV penetration is lower in Harrisburg, we expect the daily demand to be lower than State College, but the larger population may offset this.

2. **Population Adjustment**:
   - Harrisburg is about 1.43 times larger than State College (50,000 / 42,000 ≈ 1.19).
   - However, EV penetration is lower (6.8% vs. 8.2%), so we adjust for that.

3. **EV Penetration Adjustment**:
   - The EV penetration ratio is 6.8% / 8.2% ≈ 0.829.
   - So, the expected daily demand in Harrisburg would be 1.19 * 0.829 ≈ 1.00.

4. **Average Daily Demand at State College**:
   - State College has an average daily demand of 1652.5 kWh.

5. **Final Estimate**:
   - Since the population and EV penetration adjustments are roughly balanced, we estimate that the average daily demand in Harrisburg will be close to that of State College.
   - Therefore, the estimated average daily EV charging demand for Harrisburg - Market St Station in May is approximately 1652.5 kWh.

>>DEMAND: 1652.5
>>RATIO: 1.00"
no_desc,Harrisburg - Market St Station,6,June,1948.74,,,"To estimate the average daily EV charging demand for Harrisburg - Market St Station in June, we need to consider several factors, including population, EV penetration, and the influence of events (like games vs. government events). Here's the step-by-step reasoning:

1. **Population and EV Penetration**: 
   - State College has a population of 42,000 with an EV penetration of 8.2%.
   - Harrisburg has a population of 50,000 with an EV penetration of 6.8%.
   - Since EV penetration is lower in Harrisburg, we expect the daily demand to be lower than State College, but the larger population may offset this.

2. **Population Adjustment**:
   - Harrisburg is about 1.43 times larger than State College (50,000 / 42,000 ≈ 1.19).
   - However, EV penetration is lower (6.8% vs. 8.2%), so we adjust for that.

3. **EV Penetration Adjustment**:
   - The EV penetration ratio is 6.8% / 8.2% ≈ 0.829.
   - So, the expected EV demand based on population and penetration would be: 1.19 * 0.829 ≈ 1.00.

4. **Event Pattern**:
   - State College has a strong Mon-Fri pattern, with PSU games influencing demand.
   - Harrisburg has no university, so the event pattern is less intense.
   - This suggests a slightly lower demand on weekends and during non-event days.

5. **Temperature**:
   - State College has an average temperature of 80.0°F.
   - Harrisburg has a slightly warmer temperature profile, which may increase demand slightly.

6. **Final Adjustment**:
   - Considering the lower EV penetration, slightly warmer temperatures, and less event-driven demand, we adjust the demand slightly downward.

Using the average daily demand from State College (1948.7 kWh), we estimate that Harrisburg's demand would be slightly lower due to the lower EV penetration and less event-driven demand.

**Estimated Daily Demand for Harrisburg - Market St Station**:
- State College: 1948.7 kWh
- Harrisburg: 1948.7 * (50,000 / 42,000) * (6.8% / 8.2%) * 0.95 ≈ 1948.7 * 1.19 * 0.829 * 0.95 ≈ 1948.7 * 0.94 ≈ 1831.8 kWh

**Ratio**:
- 1831.8 / 194"
no_desc,Harrisburg - Market St Station,7,July,1889.59,1805.2,0.955,"To estimate the average daily EV charging demand for Harrisburg - Market St Station in July, we need to consider several factors, including population, EV penetration, and the influence of events (like games vs. government events) and temperature.

### Step 1: Use the reference site (State College, PA) as a base
- State College has a population of 42,000 and an EV penetration of 8.2%.
- Average daily demand: 1889.6 kWh.

### Step 2: Adjust for population difference
- Harrisburg has a population of 50,000, which is slightly higher than State College.
- The ratio of populations is 50,000 / 42,000 ≈ 1.1905.

### Step 3: Adjust for EV penetration difference
- State College has an EV penetration of 8.2%, while Harrisburg has 6.8%.
- The ratio of EV penetration is 6.8% / 8.2% ≈ 0.8293.

### Step 4: Adjust for event pattern
- The reference site has a strong Mon-Fri pattern, and we need to replace PSU games with government events. This likely results in a slightly lower demand on weekends and a slightly higher demand on weekdays, but the overall pattern remains similar. We'll assume a small adjustment factor of 0.95 (slightly lower due to different event types).

### Step 5: Adjust for temperature
- State College has an average temperature of 76.6°F, and Harrisburg is slightly warmer. A slightly warmer temperature may increase demand slightly. We'll assume a small adjustment factor of 1.02.

### Step 6: Combine all adjustments
- Start with the reference site's average daily demand: 1889.6 kWh.
- Apply the population adjustment: 1889.6 × 1.1905 ≈ 2248.3 kWh.
- Apply the EV penetration adjustment: 2248.3 × 0.8293 ≈ 1863.5 kWh.
- Apply the event pattern adjustment: 1863.5 × 0.95 ≈ 1769.8 kWh.
- Apply the temperature adjustment: 1769.8 × 1.02 ≈ 1805.2 kWh.

### Final Estimate
The estimated average daily EV charging demand for Harrisburg - Market St Station in July is approximately 1805.2 kWh.

>>DEMAND: 1805.2
>>RATIO: 0.955"
no_desc,Harrisburg - Market St Station,8,August,1947.25,1947.2,1.0,"To estimate the average daily EV charging demand for Harrisburg - Market St Station in August, we need to consider several factors, including population, EV penetration, and the influence of events (like games vs. government events). Here's the step-by-step reasoning:

1. **Population and EV Penetration**: 
   - State College has a population of 42,000 with an EV penetration of 8.2%.
   - Harrisburg has a population of 50,000 with an EV penetration of 6.8%.
   - Since EV penetration is lower in Harrisburg, we expect the daily demand to be lower than State College.

2. **Population Adjustment**:
   - Harrisburg is larger than State College, so we adjust for population. The ratio of populations is 50,000 / 42,000 ≈ 1.19.
   - However, EV penetration is lower in Harrisburg, so we need to adjust for that as well.

3. **EV Penetration Adjustment**:
   - The EV penetration in Harrisburg is 6.8%, while in State College it is 8.2%.
   - The ratio of EV penetration is 6.8% / 8.2% ≈ 0.83.

4. **Combined Adjustment**:
   - The overall adjustment factor is the product of the population and EV penetration ratios: 1.19 * 0.83 ≈ 1.00.

5. **Event Pattern**:
   - State College has a strong Mon-Fri pattern due to PSU games.
   - Harrisburg has a slightly warmer temperature profile and has government events instead of games.
   - This suggests a similar or slightly lower demand pattern, but we don't have enough data to adjust this significantly.

6. **Temperature**:
   - State College has an average temperature of 67.5°F.
   - Harrisburg is slightly warmer, which may increase demand slightly. However, this effect is minor and not enough to significantly alter the estimate.

7. **Final Estimate**:
   - Using the average daily demand from State College (1947.2 kWh), and applying the combined adjustment factor of approximately 1.00, we estimate that the average daily demand for Harrisburg - Market St Station in August is roughly the same as State College.

Therefore, the estimated average daily EV charging demand for Harrisburg - Market St Station in August is approximately 1947.2 kWh.

>>DEMAND: 1947.2
>>RATIO: 1.00"
no_desc,Harrisburg - Market St Station,9,September,1680.63,,,"To estimate the average daily EV charging demand for the Harrisburg - Market St Station in September, we need to consider several factors based on the reference site (State College, PA) and the target site's characteristics.

### Step 1: Understand the reference site
- **State College, PA**:
  - Population: 42,000
  - EV penetration: 8.2%
  - Average daily demand: 1680.6 kWh
  - Average peak hourly demand: 114.7 kWh
  - Average temperature: 55.1°F
  - Month: September

### Step 2: Understand the target site
- **Harrisburg - Market St Station**:
  - Population: 50,000
  - EV penetration: 6.8%
  - Average household income: $44k
  - Has university: No
  - Month: September

### Step 3: Adjust for population and EV penetration
- The population of Harrisburg is 50,000, which is slightly higher than State College's 42,000.
- EV penetration is slightly lower (6.8% vs. 8.2%), so we expect a lower demand.

### Step 4: Adjust for weekday pattern
- The reference site has a strong Mon-Fri pattern, which is typical for a university town.
- The target site does not have a university, but it is likely to have a similar pattern due to the population and income level.
- We will assume a similar weekday pattern, but slightly less due to the absence of a university.

### Step 5: Adjust for temperature
- The reference site has an average temperature of 55.1°F.
- The target site is slightly warmer, which may increase demand slightly.

### Step 6: Estimate the demand
- First, calculate the expected demand based on population and EV penetration:
  - State College: 42,000 people × 8.2% = 3,444 EVs
  - Harrisburg: 50,000 people × 6.8% = 3,400 EVs
  - Since EV penetration is slightly lower, we expect a slightly lower demand.

- Next, estimate the average daily demand based on the reference site:
  - State College: 1680.6 kWh/day
  - Harrisburg: Since the population is slightly higher but EV penetration is slightly lower, we estimate a similar or slightly lower demand.

- Adjust for the weekday pattern and temperature:
  - Since the target site is slightly warmer, we may expect a slight increase in demand.
  - Since there is no university, the weekday pattern may be slightly less pronounced, but we assume it is similar.

### Step 7: Final estimate
- Based on the above"
no_desc,Harrisburg - Market St Station,10,October,1660.35,1633.45,0.984,"To estimate the average daily EV charging demand for Harrisburg - Market St Station in October, we need to consider several factors: population, EV penetration, and the influence of the reference site (State College, PA).

### Step 1: Use the reference site data
- **State College, PA** has a population of 42,000 and an EV penetration of 8.2%.
- **Harrisburg - Market St Station** has a population of 50,000 and an EV penetration of 6.8%.
- The EV penetration is slightly lower in Harrisburg, so we expect the demand to be slightly lower than State College.

### Step 2: Adjust for population
- The population of Harrisburg is 50,000, which is about 1.19 times the population of State College (42,000).
- Since EV penetration is lower in Harrisburg, we will adjust the demand accordingly.

### Step 3: Adjust for EV penetration
- State College has an EV penetration of 8.2%, while Harrisburg has 6.8%.
- This is a ratio of 6.8 / 8.2 ≈ 0.829.

### Step 4: Apply the adjustments
- The average daily demand in State College is 1660.3 kWh.
- Adjust for population: 1660.3 × (50,000 / 42,000) ≈ 1976.57 kWh.
- Adjust for EV penetration: 1976.57 × 0.829 ≈ 1633.45 kWh.

### Step 5: Consider the transfer guidance
- The transfer guidance says to replace PSU games with government events, which may slightly reduce the peak demand but not significantly affect the average daily demand.
- The temperature is slightly warmer in Harrisburg, which may increase demand slightly, but this is a minor factor compared to population and EV penetration.

### Final Estimate
After considering all the factors, the estimated average daily EV charging demand for Harrisburg - Market St Station in October is approximately **1633.45 kWh**.

Now, calculate the ratio:
- Ratio = 1633.45 / 1660.3 ≈ 0.984

>>DEMAND: 1633.45
>>RATIO: 0.984"
no_desc,Harrisburg - Market St Station,11,November,1684.24,,,"To estimate the average daily EV charging demand for Harrisburg - Market St Station in November, we need to consider several factors, including population, EV penetration, and the influence of events (e.g., games vs. government events). Here's the step-by-step reasoning:

1. **Population and EV Penetration**:  
   - State College has a population of 42,000 with an EV penetration of 8.2%.  
   - Harrisburg has a population of 50,000 with an EV penetration of 6.8%.  
   - Since EV penetration is lower in Harrisburg, we expect the daily demand to be lower than State College, but the larger population may offset this.

2. **Population Adjustment**:  
   - Harrisburg is 50,000 vs. State College's 42,000.  
   - The ratio of populations is 50,000 / 42,000 ≈ 1.19.  
   - However, EV penetration is lower in Harrisburg, so we need to adjust for that.

3. **EV Penetration Adjustment**:  
   - State College: 8.2% EV penetration.  
   - Harrisburg: 6.8% EV penetration.  
   - The ratio of EV penetration is 6.8% / 8.2% ≈ 0.83.

4. **Combined Adjustment**:  
   - The combined adjustment factor is 1.19 (population) × 0.83 (EV penetration) ≈ 1.00.  
   - This suggests that the overall demand for Harrisburg may be similar to State College, but we need to consider the event pattern.

5. **Event Pattern Adjustment**:  
   - State College has a strong Mon-Fri pattern due to PSU games.  
   - Harrisburg has a slightly warmer temperature profile and replaces PSU games with government events.  
   - Government events may have a slightly lower demand than sports events, but the overall pattern is still strong Mon-Fri.

6. **Temperature Adjustment**:  
   - State College has an average temperature of 33.3°F.  
   - Harrisburg is slightly warmer, which may increase demand slightly.  
   - However, the temperature difference is small, so the adjustment is minimal.

7. **Final Estimate**:  
   - State College's average daily demand is 1,684.2 kWh.  
   - Based on the combined adjustments (population, EV penetration, and event pattern), the demand for Harrisburg is expected to be slightly lower than State College.  
   - A reasonable estimate is to reduce the demand by about 5% due to lower EV penetration and slightly different event patterns.

**Estimated Daily Demand for Harrisburg - Market St Station**:  
1,684.2 kWh × (1 - 0"
no_desc,Harrisburg - Market St Station,12,December,1415.21,1256.8,0.888,"To estimate the average daily EV charging demand for the Harrisburg - Market St Station in December, we need to consider several factors, including population, EV penetration, and the influence of the reference site (State College, PA).

### Step 1: Calculate the expected number of EVs in Harrisburg
- Population: 50,000
- EV penetration: 6.8%
- Expected number of EVs = 50,000 × 0.068 = 3,400 EVs

### Step 2: Estimate average daily charging demand per EV
From the reference site (State College, PA):
- Average daily demand: 1,415.2 kWh
- Number of EVs (estimated based on population and EV penetration): 
  - Population: 42,000
  - EV penetration: 8.2%
  - EVs = 42,000 × 0.082 = 3,444 EVs
- Average daily demand per EV = 1,415.2 kWh / 3,444 ≈ 0.4107 kWh per EV per day

### Step 3: Apply this rate to Harrisburg
- Number of EVs in Harrisburg: 3,400
- Average daily demand = 3,400 × 0.4107 ≈ 1,396.4 kWh

### Step 4: Adjust for differences between the two sites
- Harrisburg has a slightly warmer temperature profile than State College, which may increase demand slightly.
- Harrisburg does not have a university, so we should reduce the demand slightly compared to State College (which has a strong Mon-Fri pattern due to PSU games).
- Since the reference site has a higher EV penetration (8.2% vs. 6.8%), we should adjust the demand accordingly.

### Step 5: Final adjustment
- State College has a higher EV penetration, so its demand is slightly higher.
- Harrisburg has a slightly lower EV penetration, so we reduce the demand by about 10%.
- Final estimate: 1,396.4 × 0.9 ≈ 1,256.8 kWh

### Final Calculation
- **Demand**: 1,256.8 kWh
- **Ratio**: 1,256.8 / 1,415.2 ≈ 0.888

>>DEMAND: 1256.8
>>RATIO: 0.888"
no_notes,Altoona - Chestnut Ave Station,1,January,1430.94,467.6,0.327,"To estimate the average daily EV charging demand for Altoona - Chestnut Ave Station in January, we need to consider several factors that differ between the reference site (State College, PA) and the target site (Altoona, PA):

1. **Population and EV Penetration**: State College has a population of 42,000 with an EV penetration of 8.2%. Altoona is a smaller, post-industrial city with a lower EV adoption rate. Let's assume a lower EV penetration, say 4.5%, which is typical for a smaller, less urbanized area with a blue-collar workforce.

2. **Climate**: Altoona is at a higher elevation, leading to colder winters. This could increase EV charging demand due to more use of heating systems and potentially more charging during colder periods. However, since the question states that Altoona has colder winters, we'll assume that the temperature effect is similar to State College, or slightly more, but not enough to significantly increase demand.

3. **Demand Profile**: The target site is more residential-driven, with minimal event-based spikes. This suggests a more consistent, lower daily demand compared to a university town with more event-based charging.

4. **Average Daily Demand**: For State College, the average daily demand is 1430.9 kWh. To estimate the target site's demand, we can use a ratio based on population, EV penetration, and other factors.

Let's calculate the expected demand for Altoona:

- Population of Altoona is not given, but it's a mid-size post-industrial city. Let's assume it has a population of 25,000 (a reasonable estimate for a mid-size city in central PA).
- EV penetration in Altoona: 4.5%
- State College population: 42,000
- EV penetration in State College: 8.2%

Using these assumptions, we can estimate the ratio of EV demand between the two cities:

- Ratio of populations: 25,000 / 42,000 ≈ 0.595
- Ratio of EV penetration: 4.5% / 8.2% ≈ 0.549

Combined ratio: 0.595 * 0.549 ≈ 0.327

Now, apply this ratio to the average daily demand of State College:

- Estimated daily demand for Altoona: 1430.9 kWh * 0.327 ≈ 467.6 kWh

Therefore, the estimated average daily EV charging demand for Altoona - Chestnut Ave Station in January is approximately 467.6 kWh.

>>DEMAND: 467.6
>>RATIO: 0.327"
no_notes,Altoona - Chestnut Ave Station,2,February,1447.11,,,"To estimate the average daily EV charging demand for Altoona - Chestnut Ave Station in February, I will use a comparative approach based on the reference site (State College, PA) and the characteristics of the target site.

### Step 1: Understand the reference site
- **State College, PA**: A university town with a population of 42,000, EV penetration of 8.2%.
- **February average daily demand**: 1447.1 kWh.
- **February average temperature**: 42.5°F.

### Step 2: Understand the target site
- **Altoona - Chestnut Ave Station**: A mid-size post-industrial city in central PA.
- **Blue-collar workforce**, **no major university**, **lower EV adoption** than State College.
- **Colder winters** due to elevation, which may reduce EV usage (as people may drive more due to cold weather).
- **Demand is more residential-driven**, with **minimal event-based spikes**.

### Step 3: Adjust for EV penetration
State College has an EV penetration of 8.2%. Since Altoona has **lower EV adoption**, we will assume a lower EV penetration rate. Let's estimate it at **5.5%** (based on typical values for post-industrial cities with no major universities).

### Step 4: Adjust for population
State College has a population of 42,000. Altoona is a mid-size city, but we don't have its population. However, we can estimate that Altoona's population is likely **about half** of State College's (since it's a post-industrial city with no major university). So, let's assume Altoona has a population of **21,000**.

### Step 5: Adjust for temperature
Altoona is at a higher elevation, so it is **colder** than State College. Colder temperatures may lead to **more driving** (due to cold weather), which could **increase** EV usage. However, since the city is post-industrial and has a blue-collar workforce, the effect of temperature on EV usage may be **less pronounced** than in a university town. Let's assume a **small increase** in demand due to colder weather, but not as much as in a university setting.

### Step 6: Estimate the average daily demand
We can estimate the average daily demand for Altoona by adjusting the State College demand based on the factors above:

- **EV penetration**: 5.5% vs. 8.2% → lower by a factor of 5.5/8.2 ≈ 0.67.
- **Population**: 21,000 vs. 42,000 → lower by a factor of 0.5.
- **Temperature**: Slightly colder, but not as impactful as in a university setting"
no_notes,Altoona - Chestnut Ave Station,3,March,1646.98,1080.0,0.656,"To estimate the average daily EV charging demand for Altoona - Chestnut Ave Station in March, we need to consider several factors that differentiate the target site from the reference site (State College, PA):

1. **Population and EV Penetration**: 
   - State College has a population of 42,000 with an EV penetration of 8.2%.
   - Altoona is a mid-size post-industrial city in central PA with a lower EV adoption rate. Since it has no major university and a blue-collar workforce, we can assume a lower EV penetration rate, say 4.5% (lower than 8.2%).

2. **Climate**:
   - State College has an average temperature of 54.8°F in March.
   - Altoona is at a higher elevation, leading to colder winters. This may result in lower EV charging demand due to reduced driving activity in colder weather, but we'll assume a similar temperature range for March (say 50°F) to maintain consistency.

3. **Demand Profile**:
   - State College has a more diversified demand, including events and university-related charging.
   - Altoona is more residential-driven, with minimal event-based spikes. This suggests a more stable, lower daily demand.

4. **Scaling Factors**:
   - Population: Altoona is likely smaller than State College. Let's assume Altoona has a population of 25,000.
   - EV Penetration: 4.5% vs. 8.2%.
   - Temperature: Similar March temperatures, so no significant temperature-based adjustment.

Now, let's estimate the average daily EV charging demand for Altoona:

- Total EV vehicles in Altoona: 25,000 * 0.045 = 1,125 vehicles.
- Assuming an average daily charging demand per vehicle of 1.2 kWh (based on typical usage patterns), the total daily demand would be:
  1,125 * 1.2 = 1,350 kWh.

However, since Altoona is more residential and has less event-based demand, we can adjust this downward by about 20% to account for lower variability and less peak demand.

Adjusted daily demand: 1,350 * 0.8 = 1,080 kWh.

Now, calculate the ratio to the State College demand:

Ratio = 1,080 / 1,647 ≈ 0.656

>>DEMAND: 1080
>>RATIO: 0.656"
no_notes,Altoona - Chestnut Ave Station,4,April,1616.54,417.3,0.258,"To estimate the average daily EV charging demand for Altoona - Chestnut Ave Station in April, we need to consider several factors that differentiate the target site from the reference site (State College, PA):

1. **Population and EV Penetration**: 
   - State College has a population of 42,000 with an EV penetration of 8.2%.
   - Altoona is a mid-size post-industrial city in central PA with a lower EV adoption rate. Since it has no major university and a blue-collar workforce, we can assume a lower EV penetration rate, say 4.5% (lower than 8.2%).

2. **Climate**:
   - State College has an average temperature of 67.2°F in April.
   - Altoona is described as colder due to elevation, which may lead to lower EV charging demand in colder months. However, April is not the coldest month, so we assume a similar temperature range but slightly cooler, which may not significantly impact demand.

3. **Demand Profile**:
   - State College has a more diversified demand, including event-based spikes.
   - Altoona is more residential-driven, with minimal event-based spikes, which may result in a more stable, lower daily demand.

4. **Scaling Factors**:
   - Population: Altoona is smaller than State College. Let's assume Altoona has a population of 25,000 (a reasonable estimate for a mid-size post-industrial city).
   - EV Penetration: 4.5% vs. 8.2%.
   - Temperature: Slightly cooler, but not significantly affecting demand in April.
   - Demand Profile: More residential, less event-driven.

Using these factors, we can estimate the average daily EV charging demand for Altoona:

- State College: 1616.5 kWh/day
- Population ratio: 25,000 / 42,000 ≈ 0.595
- EV penetration ratio: 4.5% / 8.2% ≈ 0.549
- Demand profile adjustment: 0.8 (residential-driven, less event-based)

So, the estimated demand for Altoona is:

Demand = 1616.5 kWh/day × 0.595 × 0.549 × 0.8 ≈ 417.3 kWh/day

Therefore, the ratio is:

Ratio = 417.3 / 1616.5 ≈ 0.258

>>DEMAND: 417.3
>>RATIO: 0.258"
no_notes,Altoona - Chestnut Ave Station,5,May,1652.46,10000.0,6.05,"To estimate the average daily EV charging demand for the Altoona - Chestnut Ave Station in May, we need to consider several factors that differentiate the target site from the reference site (State College, PA):

1. **Population and EV Penetration**: 
   - State College has a population of 42,000 with an EV penetration of 8.2%.
   - Altoona is a mid-size post-industrial city with a lower population and lower EV adoption. Let's assume a population of 30,000 and an EV penetration of 4.5% (lower than State College).

2. **Climate**:
   - State College has an average temperature of 76.6°F in May.
   - Altoona is colder due to elevation, which may reduce EV charging demand during the day but could increase it slightly during the night when temperatures are lower.

3. **Demand Profile**:
   - State College has a more diversified demand, including university-related events and a mix of residential and commercial users.
   - Altoona is more residential-driven with minimal event-based spikes, leading to a more stable and lower demand pattern.

4. **Calculation**:
   - For State College: 8.2% EV penetration of a population of 42,000.
   - For Altoona: 4.5% EV penetration of a population of 30,000.
   - Assuming an average daily energy consumption per EV user of 10 kWh (based on typical charging patterns), we can estimate the demand.

**Step-by-step Calculation**:

- State College EV users: 42,000 * 0.082 = 3,444
- Altoona EV users: 30,000 * 0.045 = 1,350

- Average daily demand per EV user: 10 kWh
- Altoona average daily demand: 1,350 * 10 = 13,500 kWh

However, since Altoona is a smaller city with less diversity in demand and potentially less charging infrastructure, we adjust the estimate to be lower than the calculated 13,500 kWh. Considering the lower EV penetration and more residential demand, we estimate the average daily demand to be around 10,000 kWh.

**Final Estimate**:
- DEMAND: 10,000 kWh
- RATIO: 10,000 / 1,652.5 ≈ 6.05

>>DEMAND: 10000
>>RATIO: 6.05"
no_notes,Altoona - Chestnut Ave Station,6,June,1948.74,552.6,0.2835,"To estimate the average daily EV charging demand for Altoona - Chestnut Ave Station in June, we need to consider several factors that differentiate the target site from the reference site (State College, PA):

1. **Population and EV Penetration**: 
   - State College has a population of 42,000 with an EV penetration of 8.2%.
   - Altoona is a mid-size post-industrial city in central PA with a lower EV adoption rate. Since it lacks a major university and has a blue-collar workforce, we estimate a lower EV penetration, say 4.5%.

2. **Climate**:
   - State College has an average temperature of 80.0°F in June, which is warm and conducive to EV charging.
   - Altoona is colder due to elevation, which may reduce EV usage during the day (as people may not drive as much in cooler weather). However, June is still a relatively warm month, so this effect may be minimal.

3. **Demand Profile**:
   - State College has a higher average daily demand (1948.7 kWh) due to a larger population and more EVs.
   - Altoona is more residential-driven, which may lead to a more consistent but lower demand compared to a university town with more event-based spikes.

4. **Adjustments**:
   - EV penetration is lower: 4.5% vs. 8.2% → ratio of 0.55.
   - Population is smaller: Assuming Altoona has a population of 25,000 (a typical mid-size city), the population ratio is 25,000 / 42,000 ≈ 0.60.
   - Climate and demand profile suggest a moderate reduction in demand, so we apply a further adjustment of 0.85.

Now, applying these adjustments to the reference site's average daily demand:

- State College demand: 1948.7 kWh
- Adjusted demand for Altoona: 1948.7 × 0.55 × 0.60 × 0.85 ≈ 1948.7 × 0.2835 ≈ 552.6 kWh

Therefore, the estimated average daily EV charging demand for Altoona - Chestnut Ave Station in June is approximately 552.6 kWh.

>>DEMAND: 552.6
>>RATIO: 0.2835"
no_notes,Altoona - Chestnut Ave Station,7,July,1889.59,983.3,0.52,"To estimate the average daily EV charging demand for Altoona - Chestnut Ave Station in July, we need to consider several factors that differentiate the target site from the reference site (State College, PA):

1. **Population and EV Penetration**: 
   - State College has a population of 42,000 with an EV penetration of 8.2%.
   - Altoona is a mid-size post-industrial city in central PA with a lower EV adoption rate. Since it lacks a major university and has a blue-collar workforce, we can assume a lower EV penetration rate, say 4.5% (lower than 8.2%).

2. **Climate**:
   - State College has an average temperature of 76.6°F in July, which is relatively warm and conducive to EV charging.
   - Altoona is colder due to elevation, which may reduce EV usage during the day (as people may not drive as much in cooler weather). However, since we are focusing on July, which is still relatively warm in central PA, this effect may be minimal.

3. **Demand Profile**:
   - State College has a higher average daily demand (1889.6 kWh) due to a larger population and more EVs.
   - Altoona is more residential-driven, which may lead to more consistent, lower-demand patterns compared to a university setting with more event-based spikes.

4. **Adjustment Factors**:
   - EV penetration ratio: 4.5% / 8.2% ≈ 0.55
   - Climate adjustment: Since Altoona is slightly colder, we may assume a minor reduction in demand, say 5% (but this is minimal in July).
   - Residential vs. university: Residential demand is generally more consistent, so we may assume a slight reduction in variability, but not a major change in average demand.

Using these factors, we can estimate the average daily demand for Altoona as follows:

- State College demand: 1889.6 kWh
- EV penetration ratio: 0.55
- Climate and residential adjustment: 0.95 (minor reduction)

Estimated demand = 1889.6 kWh × 0.55 × 0.95 ≈ 983.3 kWh

Now, calculate the ratio:

Ratio = 983.3 / 1889.6 ≈ 0.52

>>DEMAND: 983.3
>>RATIO: 0.52"
no_notes,Altoona - Chestnut Ave Station,8,August,1947.25,,,"To estimate the average daily EV charging demand for Altoona - Chestnut Ave Station in August, we need to consider several factors that differentiate it from the reference site (State College, PA):

1. **EV Penetration**: State College has an EV penetration of 8.2%, while Altoona is described as having lower EV adoption. Let's assume a lower EV penetration, say 4.5% (a reasonable estimate for a post-industrial city with a blue-collar workforce).

2. **Population**: State College has a population of 42,000. Altoona is a smaller city, but without specific data, we can estimate its population to be around 25,000 (a typical size for a mid-size post-industrial city in central PA).

3. **Climate**: Altoona is described as colder, which may affect EV charging demand. However, since we're focusing on August, which is a summer month, the temperature difference may not be as significant. Still, we can assume that the average temperature in Altoona in August is slightly lower than in State College, which might reduce charging demand slightly.

4. **Demand Profile**: The target site is more residential-driven, with minimal event-based spikes. This suggests a more consistent, lower daily demand compared to a university campus with more event-based charging.

Now, let's estimate the average daily EV charging demand:

- **State College EV demand per capita**:  
  EV penetration = 8.2%  
  Population = 42,000  
  Average daily demand = 1947.2 kWh  
  So, average daily demand per person = 1947.2 / 42,000 ≈ 0.04636 kWh/person/day

- **Altoona EV penetration**: 4.5%  
- **Altoona population**: 25,000  
- **Altoona EV demand per person**: 0.04636 * 4.5 / 8.2 ≈ 0.0257 kWh/person/day

- **Altoona total daily demand**:  
  0.0257 * 25,000 ≈ 642.5 kWh

However, we should also consider that Altoona may have a slightly lower average temperature in August, which could reduce charging demand. Let's assume a 10% reduction due to slightly cooler temperatures.

- **Adjusted demand**: 642.5 * 0.9 ≈ 578.3 kWh

Thus, the estimated average daily EV charging demand for Altoona - Chestnut Ave Station in August is approximately 578.3 kWh.

Now, let's calculate the ratio:

- Ratio = 578.3 / 1947.2 ≈ 0.3"
no_notes,Altoona - Chestnut Ave Station,9,September,1680.63,,,"To estimate the average daily EV charging demand for Altoona - Chestnut Ave Station in September, we need to consider several factors that differentiate the target site from the reference site (State College, PA):

1. **Population and EV Penetration**: 
   - State College has a population of 42,000 with an EV penetration of 8.2%.
   - Altoona is a mid-size post-industrial city with a lower population and lower EV adoption. Let's assume a population of 30,000 and an EV penetration of 4.5% (lower than State College).

2. **Demand Profile**:
   - State College has a higher average daily demand of 1680.6 kWh, with a peak hourly demand of 114.7 kWh.
   - Altoona is expected to have more residential-driven demand, with fewer event-based spikes. This suggests a more consistent but potentially lower daily demand.

3. **Temperature**:
   - State College has an average temperature of 55.1°F in September.
   - Altoona is colder due to elevation, which may slightly reduce EV charging demand during colder months, but since we are focusing on September, the temperature difference may not be significant.

4. **Location and Usage**:
   - State College is a university town with a higher concentration of EV users (students, faculty, staff).
   - Altoona has a blue-collar workforce, which may result in more residential EV charging and less commercial or event-based charging.

To estimate the average daily EV charging demand for Altoona:

- Calculate the expected number of EVs in Altoona: 30,000 * 4.5% = 1,350 EVs.
- Assume an average daily charging demand per EV: Let's use a typical value of 10 kWh per day (based on average usage patterns).
- Total daily demand: 1,350 EVs * 10 kWh = 13,500 kWh.

However, this is an overestimation because not all EVs charge daily, and not all EVs charge at the same rate. To adjust for this, we can use a ratio based on the reference site.

State College has 42,000 people with 8.2% EV penetration = 3,444 EVs. If we assume a similar average daily charging demand per EV (10 kWh), the total would be 3,444 * 10 = 34,440 kWh. However, the actual average daily demand is 1,680.6 kWh, which is much lower. This suggests that the actual average daily demand per EV is much lower, likely due to charging patterns and usage.

To find a reasonable ratio, we can compare the reference site's average daily demand to the expected demand for Altoona."
no_notes,Altoona - Chestnut Ave Station,10,October,1660.35,,,"To estimate the average daily EV charging demand for Altoona - Chestnut Ave Station in October, I will use a comparative approach based on the reference site (State College, PA) and the characteristics of the target site.

### Step 1: Understand the reference site
- **State College, PA**: A university town with a population of 42,000, EV penetration of 8.2%.
- **October average daily demand**: 1660.3 kWh.
- **October average peak hourly demand**: 113.8 kWh.
- **Average temperature**: 42.8°F.

### Step 2: Understand the target site
- **Altoona - Chestnut Ave Station**: A mid-size post-industrial city in central PA.
- **Blue-collar workforce**, **no major university**.
- **Colder winters** due to elevation.
- **Lower EV adoption** than State College.
- **Demand likely more residential-driven**, with **minimal event-based spikes**.

### Step 3: Adjust for EV penetration
State College has an EV penetration of 8.2%. Since Altoona is expected to have **lower EV adoption**, we'll assume a lower penetration rate. Let's estimate it at **6.5%** (a reasonable reduction from 8.2%).

### Step 4: Adjust for population
State College has a population of 42,000. Altoona is a mid-size post-industrial city, so let's assume a population of **25,000** (a typical size for such a city).

### Step 5: Adjust for temperature
Altoona is colder than State College, which may lead to **lower EV charging demand** in October due to less driving and fewer charging events. Let's assume a **15% reduction** in demand due to colder temperatures.

### Step 6: Estimate the average daily demand
We can estimate the average daily demand for Altoona by adjusting the State College demand based on the factors above.

- **EV penetration adjustment**: 6.5% instead of 8.2% → 0.82 × 6.5 = 0.533 → 53.3% of State College's demand.
- **Population adjustment**: 25,000 instead of 42,000 → 25/42 ≈ 0.595 → 59.5% of State College's demand.
- **Temperature adjustment**: 15% reduction → 85% of the adjusted demand.

Now, apply these adjustments to the State College demand:

1. Start with State College demand: 1660.3 kWh.
2. Apply EV penetration adjustment: 1660.3 × 0.533 ≈ 885.6 kWh.
3. Apply population"
no_notes,Altoona - Chestnut Ave Station,11,November,1684.24,,,"To estimate the average daily EV charging demand for Altoona - Chestnut Ave Station in November, we need to consider several factors that differentiate the target site from the reference site (State College, PA):

1. **Population and EV Penetration**: 
   - State College has a population of 42,000 with an EV penetration of 8.2%.
   - Altoona is a mid-size post-industrial city with a lower population and lower EV adoption. Let's assume a population of 30,000 and an EV penetration of 4.5% (lower than State College).

2. **Climate**:
   - State College has an average temperature of 33.3°F in November.
   - Altoona is at a higher elevation, leading to colder winters. Let's assume an average temperature of 28.5°F in November, which is colder and may affect charging demand slightly.

3. **Demand Profile**:
   - State College has a more diversified demand, including university-related events and a mix of residential and commercial use.
   - Altoona is more residential-driven with minimal event-based spikes, which may result in a more stable but lower demand.

4. **Historical Data**:
   - State College has an average daily demand of 1684.2 kWh.
   - Since Altoona has lower EV penetration, a lower population, and a colder climate, we can estimate the daily demand by adjusting for these factors.

Let's calculate the estimated daily demand for Altoona:

- **EV Penetration Adjustment**: 
  - State College: 8.2%
  - Altoona: 4.5%
  - Ratio of EV penetration: 4.5 / 8.2 ≈ 0.55

- **Population Adjustment**:
  - State College: 42,000
  - Altoona: 30,000
  - Ratio of population: 30,000 / 42,000 ≈ 0.71

- **Temperature Adjustment**:
  - State College: 33.3°F
  - Altoona: 28.5°F
  - Since colder temperatures may lead to more charging (due to increased use of EVs for heating), we assume a slight increase in demand. Let's assume a temperature adjustment factor of 1.05.

Now, applying these adjustments to the State College demand:

- **Estimated Daily Demand for Altoona**:
  - 1684.2 kWh * 0.55 * 0.71 * 1.05 ≈ 1684.2 * 0.40 ≈ 673.7 kWh

- **Ratio to State College Demand**:
  - 673.7 / 1684.2"
no_notes,Altoona - Chestnut Ave Station,12,December,1415.21,453.6,0.32,"To estimate the average daily EV charging demand for Altoona - Chestnut Ave Station in December, we need to consider several factors that differ between the reference site (State College, PA) and the target site (Altoona, PA):

1. **Population and EV Penetration**: State College has a population of 42,000 with an EV penetration rate of 8.2%. Altoona is a smaller, post-industrial city with a lower EV adoption rate. Let's assume Altoona has a population of 25,000 and an EV penetration rate of 4.5% (lower than State College).

2. **Climate**: Altoona is at a higher elevation, leading to colder winters. This could increase EV charging demand due to more use of heating systems and potentially more charging during colder periods. However, the reference site also has an average temperature of 30.1°F, so we'll assume a similar temperature for simplicity.

3. **Demand Profile**: The reference site has a more diversified demand, including some event-based spikes. Altoona is more residential-driven, with minimal event-based spikes, which may result in a more consistent but lower demand.

4. **Calculation**:
   - State College's average daily demand: 1415.2 kWh
   - Population ratio: 25,000 / 42,000 ≈ 0.595
   - EV penetration ratio: 4.5% / 8.2% ≈ 0.549

   Combining these factors, the estimated average daily demand for Altoona would be:
   $$
   \text{Altoona Demand} = 1415.2 \times 0.595 \times 0.549 \approx 453.6 \text{ kWh}
   $$

   The ratio of Altoona's demand to State College's demand is:
   $$
   \text{RATIO} = \frac{453.6}{1415.2} \approx 0.32
   $$

>>DEMAND: 453.6
>>RATIO: 0.32"
no_notes,Harrisburg - Market St Station,1,January,1430.94,1800.0,1.256,"To estimate the average daily EV charging demand for the Harrisburg - Market St Station in January, we need to consider several factors that differentiate it from the reference site (State College, PA):

1. **Population and EV Penetration**: Harrisburg is a state capital with a higher income level than State College, which may lead to higher EV adoption. However, the exact EV penetration rate is not given, so we'll estimate based on the reference site and other factors.

2. **Commuter Demand**: Harrisburg has strong weekday government commuter demand, which is a significant factor in EV charging demand. This is likely to be higher than the university town of State College.

3. **Temperature**: Harrisburg is warmer than State College in January, which may reduce the need for heating and thus potentially lower EV charging demand. However, this is a minor factor compared to commuter demand.

4. **Weekday vs. Weekend Contrast**: Harrisburg has a sharp contrast between weekday and weekend demand due to government workers. This will affect the average daily demand, but since we are looking at an average for the month, we'll assume a reasonable average that reflects the weekday-heavy pattern.

5. **Events and Spikes**: Conference and legislative events may cause periodic spikes in demand, but these are not consistent and are difficult to quantify without historical data.

### Reasoning:

- State College has an average daily demand of 1430.9 kWh in January.
- Harrisburg is likely to have a higher average daily demand due to government commuter demand, even though it is warmer.
- Let's assume that the EV penetration rate in Harrisburg is similar to State College (8.2%), but with a higher proportion of weekday demand.
- Given the strong government commuter demand, we estimate that the average daily demand in Harrisburg will be higher than State College.

Based on these factors, we estimate that the average daily EV charging demand in Harrisburg - Market St Station in January is **1800 kWh**.

This is a reasonable estimate that accounts for the higher commuter demand and assumes a similar EV penetration rate.

>>DEMAND: 1800
>>RATIO: 1.256"
no_notes,Harrisburg - Market St Station,2,February,1447.11,2170.65,1.51,"To estimate the average daily EV charging demand for the Harrisburg - Market St Station in February, we need to consider several factors that differentiate it from the reference site (State College, PA):

1. **Population and EV Penetration**: Harrisburg is a state capital with a larger population and higher income, which likely results in higher EV penetration. While State College has an EV penetration of 8.2%, Harrisburg is expected to have a higher rate due to its higher income and more government commuters.

2. **Commuter Demand**: Harrisburg has strong weekday government commuter demand, which is a significant factor in EV charging demand. This is especially true in February, when many government workers commute to and from work.

3. **Temperature**: The reference site has an average temperature of 42.5°F in February. Harrisburg, being a state capital, is likely to have a slightly warmer average temperature, which may increase EV charging demand due to more driving and less reliance on heating.

4. **Weekday vs. Weekend Contrast**: Harrisburg has a sharp contrast between weekday and weekend demand due to government workers. This means that the average daily demand may be skewed higher due to the high weekday demand.

5. **Events and Spikes**: Harrisburg experiences periodic spikes due to conference and legislative events, which can increase demand on certain days.

Given these factors, we can estimate that the average daily EV charging demand in Harrisburg will be higher than in State College. Based on the reference data and the characteristics of the target site, we estimate that the average daily demand for Harrisburg in February will be approximately 1.5 times that of State College.

State College's average daily demand is 1447.1 kWh. Multiplying this by 1.5 gives:

1447.1 × 1.5 = 2170.65 kWh

Therefore, the estimated average daily EV charging demand for Harrisburg - Market St Station in February is 2170.65 kWh.

>>DEMAND: 2170.65
>>RATIO: 1.51"
no_notes,Harrisburg - Market St Station,3,March,1646.98,,,"To estimate the average daily EV charging demand for the Harrisburg - Market St Station in March, we need to consider several factors that differentiate it from the reference site (State College, PA):

1. **Population and EV Penetration**: Harrisburg is a state capital with a larger population and higher income, which likely results in a higher EV penetration rate than State College (8.2%). While we don't have exact data, we can assume a higher EV penetration rate, say 12% (a reasonable increase based on higher income and urban setting).

2. **Commuter Demand**: Harrisburg has strong weekday government commuter demand, which is a significant factor in EV charging demand. This is especially true in March, when many government workers commute to and from work. This is likely to be higher than the university town of State College.

3. **Temperature**: Harrisburg is warmer than State College in March, which may lead to slightly higher EV charging demand due to more driving and less need for heating. However, this effect is likely smaller compared to the impact of commuter demand.

4. **Weekday vs. Weekend Contrast**: Harrisburg has a sharp contrast between weekday and weekend demand due to government workers. This means that the average daily demand may be higher than State College, which may have more evenly distributed demand.

5. **Events and Spikes**: Harrisburg has periodic spikes due to conferences and legislative events, which may increase the average daily demand.

### Step-by-Step Reasoning:

- **State College (reference site)**: Average daily demand = 1647.0 kWh
- **Assumed EV penetration for Harrisburg**: 12% (higher than 8.2%)
- **Assumed average daily demand per EV owner**: Let's assume that the average daily demand per EV owner is similar to State College, say 100 kWh per EV owner (this is a reasonable estimate based on typical usage patterns).
- **Number of EV owners in Harrisburg**: If EV penetration is 12%, and assuming a population of around 300,000 (a reasonable estimate for Harrisburg), then the number of EV owners would be 36,000.
- **Estimated daily demand for Harrisburg**: 36,000 EV owners × 100 kWh = 3,600,000 kWh (this is clearly too high, so we need to adjust our assumptions).

Let’s instead use a more realistic approach by scaling the reference site based on population and EV penetration.

- **Population of Harrisburg**: ~300,000
- **Population of State College**: ~42,000
- **EV penetration in Harrisburg**: 12%
- **EV penetration in State College**: 8.2%
- **Average daily demand per EV owner in State College**: 1647.0 kWh"
no_notes,Harrisburg - Market St Station,4,April,1616.54,1939.8,1.2,"To estimate the average daily EV charging demand for the Harrisburg - Market St Station in April, we need to consider several factors that differentiate it from the reference site (State College, PA):

1. **Population and EV Penetration**: Harrisburg is a state capital with a higher income level than State College, which may lead to higher EV adoption. However, the exact EV penetration rate is not given, so we'll estimate based on the reference site and typical values for similar cities.

2. **Weekday vs. Weekend Demand**: Harrisburg has strong weekday government commuter demand, which is expected to be much higher than the university town of State College. This means the average daily demand may be higher due to the weekday focus.

3. **Temperature**: The reference site has an average temperature of 67.2°F in April. Harrisburg is expected to be warmer, which may increase charging demand due to more people driving to work and using EVs.

4. **Events and Spikes**: Harrisburg has periodic spikes due to conference and legislative events, which may increase demand on certain days.

### Step-by-Step Reasoning:

- **State College (Reference Site)**: Average daily demand = 1616.5 kWh
- **Harrisburg (Target Site)**: 
  - Higher income and more government commuters → likely higher EV penetration.
  - Stronger weekday demand → average daily demand may be higher than State College.
  - Warmer temperatures → may increase demand slightly.
  - Periodic spikes due to events → may increase average demand.

Assuming that Harrisburg has a similar EV penetration rate to State College (8.2%), but with a stronger weekday demand and more events, we can estimate that the average daily demand for Harrisburg will be higher than State College.

Let’s assume that the average daily demand for Harrisburg is **20% higher** than State College due to the stronger weekday demand and events. This is a reasonable estimate given the context.

### Calculation:

Harrisburg average daily demand = 1616.5 kWh × 1.2 = **1939.8 kWh**

### Ratio Calculation:

Ratio = 1939.8 / 1616.5 ≈ **1.200**

### Final Answer:

>>DEMAND: 1939.8
>>RATIO: 1.200"
no_notes,Harrisburg - Market St Station,5,May,1652.46,,,"To estimate the average daily EV charging demand for the Harrisburg - Market St Station in May, we need to consider several factors that differentiate it from the reference site (State College, PA):

1. **Population and EV Penetration**: Harrisburg is a state capital with a higher income level than State College, which may lead to higher EV adoption. However, the exact EV penetration rate is not given, so we'll estimate based on the reference site and typical values for similar cities.

2. **Weekday vs. Weekend Demand**: Harrisburg has strong weekday government commuter demand, which means the average daily demand may be higher during weekdays. Since May has 31 days, we'll assume an average of 5 weekdays and 4 weekends, but the overall average will be influenced by the weekday demand.

3. **Temperature**: The reference site has an average temperature of 76.6°F in May. Harrisburg is described as having warmer summers, but May is not the peak summer month. We'll assume a similar temperature range, so the temperature effect on EV charging demand is not significantly different.

4. **Event Impact**: Harrisburg has periodic spikes due to conferences and legislative events. These events can cause temporary increases in demand, but we'll estimate an average effect based on the reference site's average demand.

### Step-by-Step Reasoning:

- **State College (Reference Site)**: Average daily demand = 1652.5 kWh
- **Harrisburg**: Higher income and more government commuters likely lead to higher EV penetration. Let's assume a 10% higher EV penetration than State College (8.2% vs. 9.0%).
- **EV Penetration Adjustment**: If State College has 8.2% EV penetration, and Harrisburg has 9.0%, then the demand would be higher by a factor of (9.0 / 8.2) ≈ 1.0976.
- **Weekday Demand Adjustment**: Since Harrisburg has strong weekday demand, we'll assume that the average daily demand is slightly higher than the reference site. Let's assume a 5% increase due to weekday commuting.
- **Event Impact Adjustment**: Periodic spikes may increase the average demand by 3%.
- **Temperature Adjustment**: Since the temperature is similar, we'll assume no significant change.

### Calculations:

- **EV Penetration Adjustment**: 1652.5 kWh × (9.0 / 8.2) ≈ 1652.5 × 1.0976 ≈ 1813.3 kWh
- **Weekday Demand Adjustment**: 1813.3 × 1.05 ≈ 1903.97 kWh
- **Event Impact Adjustment**: 1903.97 × 1.03 ≈ 1959.1"
no_notes,Harrisburg - Market St Station,6,June,1948.74,,,"To estimate the average daily EV charging demand for the Harrisburg - Market St Station in June, we need to consider several factors that differentiate it from the reference site (State College, PA):

1. **Population and EV Penetration**: Harrisburg is a state capital with a higher income level than State College, which may lead to a higher EV penetration rate. While State College has an EV penetration of 8.2%, Harrisburg likely has a higher rate due to more affluent residents and possibly more EV incentives.

2. **Government Commuter Demand**: Harrisburg has strong weekday government commuter demand, which is a significant factor in EV charging demand. This is especially true during weekdays, which are more heavily populated with government workers.

3. **Temperature**: Harrisburg has warmer summers than State College, which may increase EV charging demand due to more use of EVs for commuting and daily activities.

4. **Weekday vs. Weekend Contrast**: Harrisburg has a sharp contrast between weekday and weekend demand due to government workers. This means that the average daily demand may be skewed higher during weekdays, but we are asked for the **average daily** demand, so we need to account for this contrast.

5. **Events and Spikes**: Conference and legislative events in Harrisburg may cause periodic spikes in demand, which could increase the average daily demand.

### Step-by-Step Reasoning:

- **State College (Reference Site)**: Average daily demand = 1948.7 kWh
- **Harrisburg (Target Site)**: 
  - Higher EV penetration: Let's assume 10% (higher than 8.2%)
  - More government commuters: This could increase demand by 20% compared to State College
  - Warmer temperatures: May increase demand by 10%
  - Weekday vs. weekend contrast: This could increase the average daily demand by 15% (due to higher weekday demand)
  - Events and spikes: This could increase demand by 10%

### Estimating the Demand:

Let’s assume that the base demand for Harrisburg is similar to State College, but adjusted for the factors above.

- Base demand (similar to State College): 1948.7 kWh
- Adjust for higher EV penetration: 1948.7 × 1.10 = 2143.6 kWh
- Adjust for government commuters: 2143.6 × 1.20 = 2572.3 kWh
- Adjust for warmer temperatures: 2572.3 × 1.10 = 2829.5 kWh
- Adjust for weekday vs. weekend contrast: 2829.5 × 1.15 = 3253.9 kWh
- Adjust for events and spikes: 3253.9 × 1.10 = 3"
no_notes,Harrisburg - Market St Station,7,July,1889.59,2456.5,1.3,"To estimate the average daily EV charging demand for the Harrisburg - Market St Station in July, we need to consider several factors that differentiate it from the reference site (State College, PA):

1. **Population and EV Penetration**: Harrisburg is a state capital with a higher income level than State College, which may lead to higher EV adoption. However, the exact EV penetration rate is not provided, so we'll estimate based on the reference site and typical values for similar cities.

2. **Weekday vs. Weekend Demand**: Harrisburg has strong weekday government commuter demand, which means the demand will be significantly higher on weekdays compared to weekends. This contrasts with State College, which may have more consistent demand throughout the week.

3. **Temperature**: Harrisburg has warmer summers than State College, which may increase EV charging demand due to more driving for cooling and longer trips.

4. **Events and Commuter Patterns**: Harrisburg has periodic spikes due to conferences and legislative events, which can significantly increase demand on certain days.

### Step-by-Step Reasoning:

- **State College (Reference Site)**: Average daily demand = 1889.6 kWh
- **Harrisburg (Target Site)**: 
  - Higher income → potentially higher EV penetration (assume 10% instead of 8.2%)
  - Stronger weekday demand → average daily demand may be higher than State College
  - Warmer temperatures → may increase demand
  - Periodic spikes due to events → may increase average demand

Assuming that Harrisburg has a slightly higher EV penetration (10% vs. 8.2%), and considering the weekday/weekend contrast and periodic spikes, we estimate that the average daily demand for Harrisburg will be **1.3 times** that of State College.

### Calculation:
Average daily demand for Harrisburg = 1.3 × 1889.6 kWh = 2456.48 kWh

### Final Estimate:
>>DEMAND: 2456.5
>>RATIO: 1.30"
no_notes,Harrisburg - Market St Station,8,August,1947.25,2531.4,1.3,"To estimate the average daily EV charging demand for the Harrisburg - Market St Station in August, we need to consider several factors that differ from the reference site (State College, PA):

1. **Population and EV Penetration**: Harrisburg is a state capital with a higher income level than State College, which may lead to higher EV adoption. However, the exact EV penetration rate is not given, so we'll estimate based on the reference site and other factors.

2. **Weekday vs. Weekend Contrast**: Harrisburg has strong weekday government commuter demand, which means the demand will be significantly higher on weekdays compared to weekends. This contrasts with State College, which may have more consistent demand throughout the week.

3. **Temperature**: Harrisburg has warmer summers than State College, which may increase EV charging demand due to more use of air conditioning and potentially more driving.

4. **Events and Spikes**: Harrisburg has periodic spikes due to conference and legislative events, which can significantly increase demand on certain days.

### Step-by-Step Reasoning:

- **State College (Reference Site)**: Average daily demand = 1947.2 kWh
- **Harrisburg (Target Site)**: We estimate that due to higher income, more government commuters, and warmer weather, the average daily demand will be higher than State College. However, because of the weekday/weekend contrast and potential for spikes, we need to adjust for that.

- **Assumption**: Let's assume that the average daily demand in Harrisburg is 1.5 times that of State College. This is a rough estimate based on higher income and more government commuters, but we'll adjust it slightly downward to account for the weekday/weekend contrast and the fact that not all days will have the same level of demand.

- **Adjustment for Weekday/Weekend Contrast**: If the average daily demand in Harrisburg is 1.5 times that of State College, but only 5 days a week are weekdays with higher demand, we can estimate that the average daily demand would be slightly lower than 1.5 times. Let's say it's 1.3 times.

- **Final Estimate**: 1.3 × 1947.2 kWh = 2531.36 kWh

### Final Estimate:

>>DEMAND: 2531.4
>>RATIO: 1.30"
no_notes,Harrisburg - Market St Station,9,September,1680.63,2184.8,1.3,"To estimate the average daily EV charging demand for the Harrisburg - Market St Station in September, we need to consider several factors that differentiate it from the reference site (State College, PA):

1. **Population and EV Penetration**: Harrisburg is a state capital with a higher income level than State College, which may lead to higher EV adoption. However, the exact EV penetration rate is not given, so we'll estimate based on the reference site and typical values for similar cities.

2. **Commuter Demand**: Harrisburg has strong weekday government commuter demand, which is a key factor in EV charging demand. This is likely to be higher than the university town of State College, which may have more varied demand.

3. **Temperature**: The reference site has an average temperature of 55.1°F in September. Harrisburg is expected to be warmer, which may increase EV charging demand due to more driving and use of EVs in warmer weather.

4. **Weekday vs. Weekend Contrast**: Harrisburg has a sharp contrast between weekday and weekend demand due to government workers. This may lead to higher average daily demand compared to State College, which may have more evenly distributed demand.

5. **Events and Spikes**: Harrisburg has periodic spikes due to conferences and legislative events, which may increase demand on certain days.

### Reasoning:

- State College has an average daily demand of 1680.6 kWh.
- Harrisburg is expected to have higher demand due to government commuter traffic and possibly higher EV penetration.
- Let's assume that Harrisburg has about 1.2 times the EV penetration of State College (a reasonable estimate for a state capital with higher income).
- Considering the weekday/weekend contrast and events, we may estimate that the average daily demand is 1.3 times that of State College.

### Calculation:

Average daily demand for Harrisburg = 1.3 × 1680.6 kWh = 2184.78 kWh

### Final Estimate:

>>DEMAND: 2184.8
>>RATIO: 1.30"
no_notes,Harrisburg - Market St Station,10,October,1660.35,,,"To estimate the average daily EV charging demand for the Harrisburg - Market St Station in October, we need to consider several factors that differentiate it from the reference site (State College, PA):

1. **Population and EV Penetration**: Harrisburg is a state capital with a larger population and higher income, which likely results in higher EV penetration. The reference site has an EV penetration of 8.2%, but we expect this to be higher in Harrisburg due to the presence of government workers and a more affluent population.

2. **Weekday vs. Weekend Demand**: Harrisburg has a strong weekday government commuter demand, which means the average daily demand will be significantly higher on weekdays compared to weekends. This contrasts with the reference site, which may have more evenly distributed demand throughout the week.

3. **Temperature**: The reference site has an average temperature of 42.8°F in October. Harrisburg, being a state capital, is likely to have a similar or slightly warmer temperature, which may increase EV charging demand slightly due to more driving for commuting and errands.

4. **Event Impact**: Harrisburg hosts conference and legislative events, which can cause periodic spikes in demand. These events are not present in the reference site, so we should account for this in our estimate.

### Reasoning Steps:

- **Base Estimate**: The reference site has an average daily demand of 1660.3 kWh in October. We will use this as a baseline.
- **EV Penetration Adjustment**: Assuming Harrisburg has an EV penetration of 10% (higher than the reference site's 8.2%), we can estimate a higher demand.
- **Weekday vs. Weekend Adjustment**: Since Harrisburg has strong weekday demand, we can assume that the average daily demand is higher than the reference site, which may have more evenly distributed demand.
- **Event Impact Adjustment**: We will assume a small increase due to periodic spikes from events.

### Calculations:

- **EV Penetration Adjustment**: 1660.3 kWh × (10% / 8.2%) ≈ 2024.76 kWh
- **Weekday vs. Weekend Adjustment**: Assuming Harrisburg has a higher average daily demand due to weekday commuting, we can increase the estimate by 15%: 2024.76 × 1.15 ≈ 2328.47 kWh
- **Event Impact Adjustment**: Adding a small spike due to events, we can increase the estimate by 5%: 2328.47 × 1.05 ≈ 2444.89 kWh

### Final Estimate:

- **Average Daily EV Charging Demand**: 2444.89 kWh
- **Ratio to State College Demand**: 2444.89 / 1660.3 ≈ 1.473"
no_notes,Harrisburg - Market St Station,11,November,1684.24,1852.6,1.1,"To estimate the average daily EV charging demand for the Harrisburg - Market St Station in November, we need to consider several factors that differentiate it from the reference site (State College, PA):

1. **Population and EV Penetration**: Harrisburg is a state capital with a higher income level than State College, which may lead to higher EV adoption. However, the exact EV penetration rate is not provided, so we'll estimate based on the reference site and typical urban vs. university town differences.

2. **Commuter Demand**: Harrisburg has strong weekday government commuter demand, which is a key factor in EV charging demand. This is especially relevant in November, when many government workers commute to and from work.

3. **Temperature**: The reference site has an average temperature of 33.3°F in November. Harrisburg, being a state capital, likely has a similar or slightly warmer temperature, which may increase EV charging demand due to more use of electric vehicles for commuting and heating.

4. **Weekday vs. Weekend Contrast**: The reference site (State College) is a university town, which may have more consistent demand throughout the week. Harrisburg, with government commuters, will have a sharper contrast between weekdays and weekends, but since we are focusing on average daily demand, this contrast may not significantly affect the average.

5. **Events and Spikes**: Harrisburg may experience periodic spikes due to conferences and legislative events, but these are likely to be short-term and not significantly affect the average daily demand.

### Reasoning:

- State College has an average daily demand of 1684.2 kWh in November.
- Harrisburg has a higher income level and stronger government commuter demand, which may lead to higher EV charging demand.
- However, without specific EV penetration data for Harrisburg, we can estimate based on the reference site and typical urban EV adoption rates.
- A reasonable estimate for EV penetration in Harrisburg could be slightly higher than State College (e.g., 9.5% vs. 8.2%).
- Assuming similar temperature and average daily usage patterns, we can estimate the demand for Harrisburg as being slightly higher than State College.

### Estimation:

Using a ratio of 1.1 (slightly higher due to government commuter demand and higher income), we estimate:

**Demand = 1684.2 kWh × 1.1 = 1852.6 kWh**

### Final Answer:

>>DEMAND: 1852.6  
>>RATIO: 1.1"
no_notes,Harrisburg - Market St Station,12,December,1415.21,1613.33,1.14,"To estimate the average daily EV charging demand for the Harrisburg - Market St Station in December, we need to consider several factors that differ from the reference site (State College, PA):

1. **Population and EV Penetration**: Harrisburg is a state capital with a higher income level than State College, which may lead to higher EV adoption. However, the exact EV penetration rate is not given, so we will estimate based on the reference site and other factors.

2. **Government Commuter Demand**: Harrisburg has strong weekday government commuter demand, which is likely to be higher than the university town of State College. This will significantly increase the daily demand, especially on weekdays.

3. **Temperature**: The reference site has an average temperature of 30.1°F in December. Harrisburg, being a state capital, is likely to have a slightly warmer climate, which may reduce the need for EV charging due to less cold weather. However, this effect is likely to be minor compared to the impact of government commuters.

4. **Weekday vs. Weekend Contrast**: Harrisburg has a sharp contrast between weekday and weekend demand due to government workers. This means that the average daily demand may be skewed higher due to the higher weekday demand.

5. **Events and Spikes**: Conference and legislative events may cause periodic spikes in demand, but these are not consistent and may not significantly affect the average daily demand.

### Reasoning:

- **State College (reference site)**: Average daily demand = 1415.2 kWh
- **Harrisburg**: Higher income and government commuter demand likely increase the average daily demand. Let's assume that the average daily demand in Harrisburg is 20% higher than State College due to the government commuter demand and higher income.
- **Temperature**: Slightly warmer in Harrisburg, so we may reduce the demand by 5% to account for less cold weather.
- **Weekday vs. Weekend**: The average daily demand is likely to be higher due to the weekday government commuter demand, but we will use the 20% increase as a base.

### Calculation:

- Base demand (20% higher than State College): 1415.2 * 1.2 = 1698.24 kWh
- Adjust for temperature: 1698.24 * 0.95 = 1613.33 kWh

### Final Estimate:

- **Average daily EV charging demand for Harrisburg - Market St Station in December**: 1613.33 kWh
- **Ratio**: 1613.33 / 1415.2 ≈ 1.14

>>DEMAND: 1613.33
>>RATIO: 1.14"
no_source,Altoona - Chestnut Ave Station,1,January,1430.94,383.68,0.32,"To estimate the average daily EV charging demand for Altoona - Chestnut Ave Station in January, we need to adjust the reference data from State College, PA, based on several factors:

1. **EV Penetration Adjustment**: State College has an EV penetration of 8.2%, while Altoona is expected to have lower EV adoption. Let's assume a penetration rate of 4.5% for Altoona.

2. **University Event Effects**: State College has a university population, which can cause spikes in EV charging demand during events. Since Altoona has no major university, we will scale down the event effects by 50%.

3. **Elevation-Based Cold Weather Adjustment**: Altoona is at a higher elevation than State College, leading to colder winters. This can increase EV charging demand due to more heating needs. Let's assume a 15% increase in demand due to cold weather.

Assuming the average daily EV charging demand at State College in January is 1,200 kWh (hypothetical value based on typical EV charging demand in a university setting), we can calculate the adjusted demand for Altoona as follows:

- **EV Penetration Adjustment**: 1,200 kWh × 4.5% / 8.2% = 667.27 kWh
- **University Event Effects Adjustment**: 667.27 kWh × 0.5 = 333.64 kWh
- **Cold Weather Adjustment**: 333.64 kWh × 1.15 = 383.68 kWh

Thus, the estimated average daily EV charging demand for Altoona - Chestnut Ave Station in January is approximately 383.68 kWh.

>>DEMAND: 383.68
>>RATIO: 0.32"
no_source,Altoona - Chestnut Ave Station,2,February,1447.11,635.25,0.4235,"To estimate the average daily EV charging demand for Altoona - Chestnut Ave Station in February, we need to adjust the reference data from State College, PA, based on several factors:

### Step 1: Understand the Reference Site
- **State College, PA**: University town, population 42,000, EV penetration 8.2%
- **Month**: February
- **Assumption**: Let’s assume the average daily EV charging demand for State College in February is **1,500 kWh** (this is a hypothetical value based on typical EV charging patterns in a university setting).

### Step 2: Adjust for Target Site Characteristics
- **Target Site**: Mid-size post-industrial city in central PA, blue-collar workforce, no major university, colder winters due to elevation, lower EV adoption than State College, more residential-driven demand, minimal event-based spikes.

### Step 3: Apply Adjustments
1. **EV Penetration Adjustment**:
   - State College: 8.2% EV penetration
   - Target Site: Lower EV adoption (let’s assume 4.5%)
   - Adjustment factor: 4.5 / 8.2 ≈ 0.55

2. **University Event Effects**:
   - State College has university events, which increase demand
   - Target Site has minimal event-based spikes
   - Adjustment factor: 0.7 (scale down university effects)

3. **Elevation-Based Cold Weather Adjustment**:
   - Colder winters in the target site may increase charging demand due to more use of heating and EV charging
   - Adjustment factor: 1.1 (increase due to cold weather)

### Step 4: Combine Adjustments
- Total adjustment factor = 0.55 (EV penetration) × 0.7 (events) × 1.1 (cold weather) ≈ 0.4235

### Step 5: Calculate Estimated Demand
- Estimated demand = Reference demand × Total adjustment factor
- Estimated demand = 1,500 kWh × 0.4235 ≈ **635.25 kWh**

### Step 6: Calculate Ratio
- Ratio = Estimated demand / Reference demand = 635.25 / 1,500 ≈ **0.4235**

>>DEMAND: 635.25
>>RATIO: 0.4235"
no_source,Altoona - Chestnut Ave Station,3,March,1646.98,383.68,0.32,"To estimate the average daily EV charging demand for Altoona - Chestnut Ave Station in March, we need to adjust the reference data from State College, PA, based on several factors:

1. **EV Penetration Adjustment**: State College has an EV penetration of 8.2%, while Altoona is expected to have lower EV adoption. Let's assume a penetration rate of 4.5% for Altoona.

2. **University Event Effects**: State College has a university population, which may lead to higher event-based EV charging demand. Since Altoona has no major university, we will scale down the event-based demand by 50%.

3. **Elevation-Based Cold Weather Adjustment**: Since Altoona is at a higher elevation, it experiences colder winters, which may increase EV charging demand due to heating needs. Let's assume a 15% increase in demand due to cold weather.

Let’s assume the average daily EV charging demand at State College in March is 1,200 kWh (this is a hypothetical value based on typical EV charging demand in a university setting).

Now, we apply the adjustments:

- **EV Penetration Adjustment**: 1,200 kWh × 4.5% / 8.2% = 667.27 kWh
- **University Event Effects Adjustment**: 667.27 kWh × 0.5 = 333.64 kWh
- **Cold Weather Adjustment**: 333.64 kWh × 1.15 = 383.68 kWh

Thus, the estimated average daily EV charging demand for Altoona - Chestnut Ave Station in March is approximately 383.68 kWh.

>>DEMAND: 383.68
>>RATIO: 0.32"
no_source,Altoona - Chestnut Ave Station,4,April,1616.54,366.9,0.31,"To estimate the average daily EV charging demand for Altoona - Chestnut Ave Station in April, we need to adjust the reference data from State College, PA, based on several factors:

1. **EV Penetration Adjustment**: State College has an EV penetration of 8.2%, while Altoona is expected to have lower EV adoption. Let's assume a penetration rate of 4.5% for Altoona.

2. **University Event Effects**: Since Altoona is not a university town, we need to reduce the demand from events and campus-based charging. Let's assume a 50% reduction in event-based demand.

3. **Elevation-Based Cold Weather Adjustment**: Altoona is at a higher elevation than State College, leading to colder winters. This may increase energy consumption for heating and charging. Let's assume a 10% increase in demand due to colder weather.

Assuming the average daily EV charging demand in State College in April is 1,200 kWh (hypothetical value based on typical EV charging demand in a university setting), we can calculate the adjusted demand for Altoona as follows:

- **EV Penetration Adjustment**: 1,200 kWh × 4.5% / 8.2% = 667.07 kWh
- **University Event Effects Adjustment**: 667.07 kWh × 0.5 = 333.54 kWh
- **Cold Weather Adjustment**: 333.54 kWh × 1.1 = 366.89 kWh

Thus, the estimated average daily EV charging demand for Altoona - Chestnut Ave Station in April is approximately 366.89 kWh.

Now, let's calculate the ratio to State College demand:

- Ratio = 366.89 kWh / 1,200 kWh ≈ 0.3057

>>DEMAND: 366.9
>>RATIO: 0.31"
no_source,Altoona - Chestnut Ave Station,5,May,1652.46,613.2,0.511,"To estimate the average daily EV charging demand for Altoona - Chestnut Ave Station in May, we need to adjust the reference data from State College, PA, based on the differences in population, EV penetration, and climate.

### Step 1: Estimate State College EV Charging Demand
Let’s assume the average daily EV charging demand for State College in May is **X kWh**. This is the reference value we will use for comparison.

### Step 2: Adjust for EV Penetration
State College has an EV penetration of **8.2%**. The target site has **lower EV adoption**, so we reduce the EV penetration factor. Let’s assume the target site has **5.5%** EV penetration (a reasonable estimate for a post-industrial city with no major university).

EV Penetration Ratio = 5.5% / 8.2% ≈ 0.6707

### Step 3: Adjust for Population
State College has a population of **42,000**, while the target site is a **mid-size post-industrial city**. Let’s assume the target site has a population of **25,000** (a typical size for a mid-size city in central PA).

Population Ratio = 25,000 / 42,000 ≈ 0.5952

### Step 4: Adjust for Climate (Cold Weather)
The target site is at a **higher elevation**, leading to **colder winters**. This means EV charging demand may be **higher** due to increased use of heating and charging during colder days. Let’s assume a **1.15 multiplier** for cold weather effects.

Climate Adjustment Factor = 1.15

### Step 5: Apply Adjustments
Now, we apply all the adjustments to the reference demand (State College):

Adjusted Demand = X × 0.6707 × 0.5952 × 1.15

Let’s assume the reference demand (State College) is **1,200 kWh/day** (a reasonable estimate based on typical EV charging patterns in a university town).

Adjusted Demand = 1,200 × 0.6707 × 0.5952 × 1.15 ≈ 1,200 × 0.511 ≈ **613.2 kWh/day**

### Step 6: Calculate Ratio
Ratio = Adjusted Demand / State College Demand = 613.2 / 1,200 ≈ 0.511

### Final Answer:
>>DEMAND: 613.2
>>RATIO: 0.511"
no_source,Altoona - Chestnut Ave Station,6,June,1948.74,300.28,0.25,"To estimate the average daily EV charging demand for Altoona - Chestnut Ave Station in June, we need to adjust the reference data from State College, PA, based on several factors:

1. **EV Penetration Adjustment**: State College has an EV penetration of 8.2%, while Altoona is expected to have lower EV adoption. Let's assume a penetration rate of 4.5% (lower than State College).

2. **University Event Effects**: Since Altoona is not a university town, we need to reduce the event-based demand spikes that are common in State College. Let's assume a 50% reduction in event-based demand.

3. **Elevation-Based Cold Weather Adjustment**: Altoona is at a higher elevation than State College, leading to colder winters. This may increase energy consumption for heating, but since we're focusing on EV charging demand (which is typically lower in cold weather due to reduced driving), we'll assume a 10% reduction in charging demand due to colder weather.

Let’s assume the average daily EV charging demand in State College in June is 1,200 kWh (this is a hypothetical value based on typical EV charging patterns in a university setting).

Now, applying the adjustments:

- **EV Penetration Adjustment**: 1,200 kWh × 4.5% / 8.2% = 667.27 kWh
- **Event-Based Demand Reduction**: 667.27 kWh × 0.5 = 333.64 kWh
- **Cold Weather Adjustment**: 333.64 kWh × 0.9 = 300.28 kWh

Thus, the estimated average daily EV charging demand for Altoona - Chestnut Ave Station in June is approximately 300.28 kWh.

>>DEMAND: 300.28
>>RATIO: 0.25"
no_source,Altoona - Chestnut Ave Station,7,July,1889.59,,,"To estimate the average daily EV charging demand for Altoona - Chestnut Ave Station in July, we need to adjust the reference data from State College, PA, based on the differences in population, EV penetration, and climate.

### Step 1: Estimate State College EV Charging Demand
Let’s assume the average daily EV charging demand for State College in July is **X kWh**. This is the reference value we will use for comparison.

### Step 2: Adjust for EV Penetration
State College has an EV penetration of 8.2%. The target site has **lower EV adoption**, so we reduce the EV penetration factor. Let’s assume the target site has an EV penetration of **4.1%** (half of 8.2%).

**Adjustment factor for EV penetration**:  
EV_penetration_ratio = 4.1 / 8.2 ≈ 0.5

### Step 3: Adjust for Population
State College has a population of 42,000. The target site is a **mid-size post-industrial city** with a smaller population. Let’s assume the target site has a population of **25,000**.

**Adjustment factor for population**:  
Population_ratio = 25,000 / 42,000 ≈ 0.595

### Step 4: Adjust for Climate (Cold Weather)
The target site has **colder winters due to elevation**, which may reduce EV charging demand in July (since colder weather may lead to less driving). However, July is a relatively warm month, so the effect is minimal. Let’s assume a **cold weather adjustment factor of 0.9** (slightly reduced demand due to colder weather).

### Step 5: Adjust for Event-Based Spikes
State College has a **university town** with **event-based spikes** in EV charging demand. The target site has **no major university** and **minimal event-based spikes**, so we reduce the event effect. Let’s assume a **factor of 0.7** to account for this.

### Step 6: Combine All Adjustments
Now, we combine all the adjustment factors:

Total adjustment factor = EV_penetration_ratio × Population_ratio × Cold_weather_ratio × Event_effect_ratio  
Total adjustment factor = 0.5 × 0.595 × 0.9 × 0.7 ≈ 0.180

### Step 7: Estimate Target Site Demand
Assuming the State College demand in July is **1,500 kWh/day**, the estimated demand for Altoona - Chestnut Ave Station would be:

Demand = State College demand × Total adjustment factor  
Demand = 1,500 × 0.180 ≈ **270 kWh/day**

### Step 8: Calculate Ratio
Ratio = Target demand / State College demand  
Ratio ="
no_source,Altoona - Chestnut Ave Station,8,August,1947.25,396.0,0.33,"To estimate the average daily EV charging demand for Altoona - Chestnut Ave Station in August, we need to adjust the reference data from State College, PA, based on several factors:

1. **EV Penetration**: State College has an EV penetration of 8.2%, while Altoona is expected to have lower EV adoption. Let's assume a penetration rate of 4.5% (lower than State College).
2. **Event Effects**: State College has university events that drive spikes in demand. Altoona has no major university, so we scale down the event effects by 50%.
3. **Elevation and Cold Weather**: Altoona is at a higher elevation and has colder winters, which may reduce battery efficiency and increase charging demand. We apply a 1.2 multiplier for cold weather effects.

Let’s assume the average daily EV charging demand in State College in August is 1,200 kWh (this is a hypothetical value based on typical EV charging demand in a university setting).

Now, we apply the adjustments:

- **EV Penetration Adjustment**: 4.5% / 8.2% = 0.55
- **Event Effects Adjustment**: 0.5 (scaled down)
- **Cold Weather Adjustment**: 1.2

So, the adjusted demand is:

1,200 kWh × 0.55 × 0.5 × 1.2 = 396 kWh

This is the estimated average daily EV charging demand for Altoona - Chestnut Ave Station in August.

>>DEMAND: 396
>>RATIO: 0.33"
no_source,Altoona - Chestnut Ave Station,9,September,1680.63,635.25,0.4235,"To estimate the average daily EV charging demand for Altoona - Chestnut Ave Station in September, we need to adjust the reference data from State College, PA, based on several factors:

### Step 1: Understand the Reference Site
- **State College, PA**: University town, population 42,000, EV penetration 8.2%
- **Month**: September
- **Assumption**: Let’s assume the average daily EV charging demand for State College in September is **1,500 kWh** (this is a hypothetical value based on typical EV charging patterns in a university setting).

### Step 2: Adjust for Target Site Characteristics
- **Population**: Mid-size post-industrial city in central PA. Lower population than State College.
- **EV Penetration**: Lower than 8.2% (let’s assume 4.5%).
- **Workforce**: Blue-collar, more residential-driven.
- **Climate**: Colder winters due to elevation, which may increase EV charging demand due to heating needs.
- **Event Effects**: Fewer university events, so reduce the event-based spikes.

### Step 3: Apply Adjustments
- **EV Penetration Adjustment**: 4.5% / 8.2% = 0.55
- **Event Effects Adjustment**: Reduce by 30% (since fewer events) → 0.70
- **Climate Adjustment**: Colder weather may increase demand by 10% → 1.10

### Step 4: Calculate Adjusted Demand
- **Adjusted Demand** = Reference Demand × EV Penetration Ratio × Event Adjustment × Climate Adjustment  
- **Adjusted Demand** = 1,500 × 0.55 × 0.70 × 1.10  
- **Adjusted Demand** = 1,500 × 0.4235 = **635.25 kWh**

### Step 5: Calculate Ratio
- **Ratio** = Adjusted Demand / Reference Demand = 635.25 / 1,500 = **0.4235**

### Final Answer:
>>DEMAND: 635.25  
>>RATIO: 0.4235"
no_source,Altoona - Chestnut Ave Station,10,October,1660.35,,,"To estimate the average daily EV charging demand for Altoona - Chestnut Ave Station in October, I will follow a step-by-step approach based on the reference data from State College, PA, and apply the transfer guidance provided.

---

### Step 1: Understand the Reference Site (State College, PA)
- **Population**: 42,000
- **EV Penetration**: 8.2%
- **Month**: October
- **Type of Site**: University town, with event-based EV demand
- **Assumption**: Let’s assume the average daily EV charging demand for State College in October is **X kWh** (we will estimate this later).

---

### Step 2: Apply Transfer Guidance to the Target Site (Altoona - Chestnut Ave Station)
- **Population**: Mid-size post-industrial city in central PA (likely smaller than 42,000)
- **EV Penetration**: Lower than 8.2% (say, 4.5% as a reasonable estimate)
- **Climate**: Colder winters due to elevation → higher energy consumption for heating, which may slightly increase demand, but not as much as event-based spikes
- **Demand Profile**: More residential-driven, with minimal event-based spikes

---

### Step 3: Adjust for EV Penetration
- **State College EV Penetration**: 8.2%
- **Altoona EV Penetration**: 4.5%
- **Ratio of EV Penetration**: 4.5 / 8.2 ≈ 0.55

This means the EV demand at Altoona is expected to be about **55%** of that at State College.

---

### Step 4: Adjust for Event-Based Demand
- **State College**: University events → higher EV demand
- **Altoona**: Minimal event-based spikes → lower EV demand
- **Adjustment Factor**: Let’s assume event-based demand is **30% less** at Altoona compared to State College → adjustment factor = 0.70

---

### Step 5: Adjust for Climate (Elevation)
- **State College**: Moderate climate
- **Altoona**: Colder winters → slightly higher energy consumption, but not as much as event-based spikes
- **Adjustment Factor**: Let’s assume a **10% increase** in demand due to colder weather → adjustment factor = 1.10

---

### Step 6: Combine Adjustments
Let’s assume the average daily EV charging demand at State College in October is **1,500 kWh** (this is a reasonable estimate based on typical EV charging demand in a university town with 8.2% penetration).

Now apply the adjustments:

- **EV Penetration Adjustment**: 1,500 × 0.55 = 825 kWh
- **Event-Based Adjustment**: 825 × 0.7"
no_source,Altoona - Chestnut Ave Station,11,November,1684.24,320.3,0.27,"To estimate the average daily EV charging demand for Altoona - Chestnut Ave Station in November, we need to adjust the reference data from State College, PA, based on several factors:

1. **EV Penetration**: State College has an EV penetration of 8.2%, while Altoona is expected to have lower EV adoption. Let's assume a penetration rate of 4.5% (lower than State College).
2. **University Event Effects**: Since Altoona has no major university, we scale down the event-based spikes that are common in State College. Let's assume a 60% reduction in event-based demand.
3. **Elevation and Cold Weather Adjustment**: Altoona is at a higher elevation and has colder winters, which may increase charging demand due to longer charging times. Let's apply a 1.2 multiplier for this effect.

Assuming the average daily EV charging demand in State College in November is 1,200 kWh (hypothetical value based on typical EV charging patterns), we can calculate the adjusted demand for Altoona as follows:

- **EV Penetration Adjustment**: 1,200 kWh × 4.5% / 8.2% = 667.29 kWh
- **Event-Based Spike Adjustment**: 667.29 kWh × (1 - 0.6) = 266.92 kWh
- **Cold Weather Adjustment**: 266.92 kWh × 1.2 = 320.30 kWh

Thus, the estimated average daily EV charging demand for Altoona - Chestnut Ave Station in November is approximately 320.30 kWh.

>>DEMAND: 320.3
>>RATIO: 0.27"
no_source,Altoona - Chestnut Ave Station,12,December,1415.21,,,"To estimate the average daily EV charging demand for Altoona - Chestnut Ave Station in December, we need to adjust the reference data from State College, PA, based on several factors:

### Step 1: Understand the Reference Site
- **State College, PA**: University town with a population of 42,000, EV penetration of 8.2%.
- **EV Penetration**: 8.2% of the population owns or uses an EV.
- **December Demand**: Let’s assume the average daily EV charging demand for State College in December is **1,500 kWh** (this is a hypothetical value based on typical EV charging patterns in a university setting).

### Step 2: Adjust for Target Site Characteristics
- **Population**: Mid-size post-industrial city in central PA. Let’s assume a population of 25,000 (lower than State College).
- **EV Penetration**: Lower than State College. Let’s assume 5% (based on the description of lower EV adoption).
- **Event-Based Charging**: State College has university events, which contribute to spikes. The target site has minimal event-based spikes, so we reduce the event effect by 40%.
- **Cold Weather Adjustment**: Due to elevation, winters are colder, which may increase charging demand. Let’s assume a 10% increase due to cold weather.

### Step 3: Apply Adjustments
- **Population Adjustment**: 25,000 / 42,000 = 0.6 (about 60% of the population).
- **EV Penetration Adjustment**: 5% / 8.2% = 0.61 (about 61% of the EV penetration).
- **Event Effect Adjustment**: 1 - 0.4 = 0.6 (60% of the event-based demand).
- **Cold Weather Adjustment**: 1 + 0.1 = 1.1 (10% increase).

Now, apply these adjustments to the reference demand:

**Adjusted Demand = Reference Demand × Population × EV Penetration × Event Effect × Cold Weather Adjustment**

**Adjusted Demand = 1,500 × 0.6 × 0.61 × 0.6 × 1.1**

Let’s calculate:

- 1,500 × 0.6 = 900
- 900 × 0.61 = 549
- 549 × 0.6 = 329.4
- 329.4 × 1.1 = 362.34

So, the estimated average daily EV charging demand for Altoona - Chestnut Ave Station in December is approximately **362.34 kWh**.

Now, calculate the ratio:

**Ratio = 362.3"
no_source,Harrisburg - Market St Station,1,January,1430.94,,,"To estimate the average daily EV charging demand for the Harrisburg - Market St Station in January, we need to consider several factors based on the characteristics of the target site and the reference site (State College, PA).

### Step 1: Understand the Reference Site
- **State College, PA** is a university town with a population of 42,000.
- EV penetration is 8.2%, which means 8.2% of the population owns an EV.
- The reference site has no specific demand figures, but we can estimate it based on population and EV penetration.

**Estimated EV population in State College:**
- 42,000 * 0.082 = 3,444 EV owners.

Assuming an average daily charging demand of 10 kWh per EV (a reasonable estimate for daily usage), the estimated daily demand for State College would be:

**State College Demand (Estimate):**
- 3,444 EVs * 10 kWh = 34,440 kWh/day.

### Step 2: Understand the Target Site
- **Harrisburg** is the state capital with strong weekday government commuter demand.
- It has a higher income level than Altoona, which suggests a higher EV penetration.
- It has warmer summers, which may imply more EV usage during the day.
- There is a sharp contrast between weekday and weekend demand due to government workers.
- There are periodic spikes due to conferences and legislative events.

### Step 3: Adjust for Differences
- **Weekday vs. Weekend Pattern:** The target site has a strong Mon-Fri pattern, similar to the reference site.
- **Government Commuter Demand:** This is likely higher than the university-based demand in State College.
- **Temperature Profile:** Harrisburg is warmer, which may increase EV usage.
- **Events:** Conference and legislative events cause periodic spikes, which may increase the average demand.

### Step 4: Estimate the Target Site Demand
- Since Harrisburg has a higher income level, we can assume a slightly higher EV penetration than State College.
- Let’s assume a 10% higher EV penetration (10% of 8.2% = 0.82%, so 9.02%).
- Population of Harrisburg is not given, but it is the state capital, so we can assume a population similar to or slightly higher than State College.

Assuming a population of 50,000 for Harrisburg:

**Estimated EV population in Harrisburg:**
- 50,000 * 0.0902 = 4,510 EV owners.

Assuming an average daily charging demand of 12 kWh per EV (higher due to warmer weather and more usage):

**Harrisburg Demand (Estimate):**
- 4,510 EVs * 12 kWh"
no_source,Harrisburg - Market St Station,2,February,1447.11,,,"To estimate the average daily EV charging demand for the Harrisburg - Market St Station in February, we need to consider several factors based on the characteristics of the target site and the reference site (State College, PA).

### Step 1: Understand the Reference Site
- **State College, PA** is a university town with a population of 42,000.
- EV penetration is 8.2%, which means 8.2% of the population owns an EV.
- The reference site is likely to have a relatively low EV charging demand due to its university-based population and lower income levels.

### Step 2: Understand the Target Site
- **Harrisburg** is the state capital and has a stronger weekday government commuter demand.
- It has a higher income level than Altoona, which suggests a higher EV penetration rate.
- It has warmer summers, which may lead to more EV charging during the day.
- There is a sharp contrast between weekday and weekend demand due to government workers.
- Conference and legislative events cause periodic spikes in demand.

### Step 3: Adjust for February
- February is a cold month, but Harrisburg is warmer than State College, so the temperature effect may be less pronounced.
- The reference site (State College) has a strong Mon-Fri pattern, but the target site has government events that may replace PSU games, leading to similar or slightly higher demand on weekdays.

### Step 4: Estimate EV Penetration and Demand
- State College has an EV penetration of 8.2%. Harrisburg, being a state capital with higher income, likely has a higher EV penetration rate. Let's assume 10% for Harrisburg.
- Population of Harrisburg is not given, but it is a state capital, so we can estimate it to be around 30,000 (a reasonable estimate for a state capital).
- Average EV charging demand per vehicle per day is typically around 15-20 kWh, depending on usage patterns.

### Step 5: Calculate Estimated Demand
- EVs in Harrisburg: 10% of 30,000 = 3,000 vehicles.
- Average daily charging demand per vehicle: 15 kWh.
- Total daily demand: 3,000 * 15 = 45,000 kWh.

However, this is a rough estimate. Considering the weekday/weekend contrast and periodic spikes, we might adjust it slightly downward to account for weekends and lower demand on those days.

### Step 6: Compare with State College
- State College has 42,000 people with 8.2% EV penetration = 3,444 EVs.
- Assuming an average of 15 kWh per vehicle per day: 3,444 * 15 = 51,660 kWh.

But since State College is a"
no_source,Harrisburg - Market St Station,3,March,1646.98,,,"To estimate the average daily EV charging demand for the Harrisburg - Market St Station in March, we need to consider several factors based on the characteristics of the target site and the reference site (State College, PA).

### Step 1: Understand the Reference Site
- **State College, PA** is a university town with a population of 42,000.
- EV penetration is 8.2%, which means about 8.2% of the population owns an EV.
- The reference site has no specific demand figures, but we can estimate it based on population and EV penetration.

**Estimated daily EV charging demand for State College (reference site):**
- Population: 42,000
- EV penetration: 8.2% → 42,000 × 0.082 = 3,444 EVs
- Assuming an average daily charging demand of 10 kWh per EV (a reasonable estimate for daily use), the total daily demand would be:
  - 3,444 × 10 = 34,440 kWh

### Step 2: Understand the Target Site
- **Harrisburg** is the state capital with strong weekday government commuter demand.
- It has a higher income level than Altoona, which suggests a higher EV penetration.
- It has warmer summers, but we are focusing on March, which is a colder month.
- There is a sharp contrast between weekday and weekend demand due to government workers.
- There are periodic spikes due to conferences and legislative events.

### Step 3: Adjust for Differences
- **Weekday vs. Weekend Pattern**: The reference site (State College) is a university town, which may have more weekend activity. The target site (Harrisburg) has strong weekday government commuter demand, so we expect higher weekday demand and lower weekend demand.
- **Government Commuter Demand**: Government workers typically have more predictable and higher demand on weekdays.
- **EV Penetration**: Harrisburg is higher income, so EV penetration is likely higher than 8.2%.
- **Temperature**: Harrisburg is warmer in March, which may increase EV usage slightly compared to State College.

### Step 4: Estimate the Target Site Demand
- Assume EV penetration is 10% (higher than 8.2% due to higher income).
- Assume average daily charging demand is 12 kWh per EV (slightly higher due to warmer weather and government commuters).
- Assume the average daily demand is 70% of the reference site's demand (due to weekday vs. weekend contrast and government commuter patterns).

**Estimated daily EV charging demand for Harrisburg (target site):**
- 34,440 × 1.2 (higher EV penetration) × 1.1 (higher average demand) × 0.7 (weekday vs. weekend contrast) = 34,"
no_source,Harrisburg - Market St Station,4,April,1616.54,,,"To estimate the average daily EV charging demand for the Harrisburg - Market St Station in April, we need to consider several factors based on the characteristics of the target site and the reference site (State College, PA).

### Step 1: Understand the Reference Site
- **State College, PA** is a university town with a population of 42,000.
- EV penetration is 8.2%, which means 8.2% of the population owns an electric vehicle.
- The reference site has no specific demand figures, but we can estimate it based on population and EV penetration.

### Step 2: Estimate Demand for State College
- Population: 42,000
- EV penetration: 8.2%
- Average EV charging demand per vehicle: Let's assume an average of 15 kWh per day (a typical estimate for daily EV charging).
- Estimated number of EVs: 42,000 * 0.082 = 3,444
- Estimated daily demand: 3,444 * 15 = 51,660 kWh

So, the estimated daily demand for State College in April is approximately **51,660 kWh**.

### Step 3: Analyze the Target Site
- **Harrisburg** is the state capital with strong weekday government commuter demand.
- It has a higher income level than Altoona, which suggests a higher EV penetration.
- It has warmer summers, which may increase EV usage during the day.
- There is a sharp contrast between weekday and weekend demand due to government workers.
- Conference and legislative events cause periodic spikes in demand.

### Step 4: Adjust for Differences
- **Weekday vs. Weekend Pattern**: The target site has a strong Mon-Fri pattern, similar to the reference site.
- **Government Commuter Demand**: This is likely higher than the university-based demand in State College.
- **Temperature Profile**: Harrisburg is warmer, which may increase EV usage during the day.
- **Events**: Conference and legislative events cause periodic spikes, which may increase the average demand.

### Step 5: Estimate Demand for Harrisburg
- Assume a slightly higher EV penetration than State College. Let's say 10% (a reasonable increase for a state capital with more government workers).
- Population: Let's assume Harrisburg has a population of 50,000 (a reasonable estimate for a state capital).
- Estimated number of EVs: 50,000 * 0.10 = 5,000
- Average daily demand: 5,000 * 15 = 75,000 kWh

However, we need to adjust for the fact that the target site has a stronger weekday pattern and periodic spikes. Let's assume the average daily demand is slightly higher than the reference site due"
no_source,Harrisburg - Market St Station,5,May,1652.46,,,"To estimate the average daily EV charging demand for the Harrisburg - Market St Station in May, we need to consider several factors and make reasonable assumptions based on the reference data from State College, PA, and the characteristics of the target site.

### Step 1: Understand the Reference Site (State College, PA)
- **Population**: 42,000
- **EV Penetration**: 8.2%
- **Month**: May
- **Assumption**: We assume that the average daily EV charging demand for State College in May is based on the population and EV penetration. However, since specific demand figures are withheld, we must estimate it based on typical EV charging patterns.

### Step 2: Estimate State College Demand
- **Total EVs in the city**: 42,000 × 0.082 = 3,444 EVs
- **Assuming an average daily charging demand per EV**: Let's assume 10 kWh per day (a typical estimate for EV charging demand).
- **Estimated daily demand for State College**: 3,444 × 10 = 34,440 kWh

This is a rough estimate, but it gives us a baseline to compare with the target site.

### Step 3: Analyze the Target Site (Harrisburg - Market St Station)
- **Location**: State capital
- **Income level**: Higher than Altoona
- **Climate**: Warmer summers
- **Demand pattern**: Strong weekday (Mon-Fri) government commuter demand
- **Events**: Conference and legislative events cause periodic spikes
- **Temperature**: Slightly warmer than State College (May)

### Step 4: Adjust for Differences
- **Weekday vs. Weekend**: Harrisburg has strong weekday demand due to government workers, similar to State College's Mon-Fri pattern.
- **Income level**: Higher income may mean more EV adoption, so we expect higher demand.
- **Temperature**: Slightly warmer may increase charging demand slightly.
- **Events**: Conference and legislative events may cause periodic spikes, which could increase the average demand.

### Step 5: Estimate Harrisburg Demand
- **Assume a higher EV penetration rate**: Let's assume 10% (higher than State College's 8.2% due to higher income).
- **Population**: Let's assume Harrisburg has a population of 50,000 (a reasonable estimate for a state capital).
- **Total EVs in Harrisburg**: 50,000 × 0.10 = 5,000 EVs
- **Assume an average daily charging demand per EV**: 12 kWh (slightly higher due to warmer weather and more usage)
- **Estimated daily demand for Harrisburg**: 5,000 × 12 = 60,000 kWh

### Step"
no_source,Harrisburg - Market St Station,6,June,1948.74,,,"To estimate the average daily EV charging demand for the Harrisburg - Market St Station in June, I will use the reference data from State College, PA, and adjust it based on the characteristics of the target site.

### Step 1: Understand the reference site
- **State College, PA**: A university town with a population of 42,000 and an EV penetration rate of 8.2%.
- **June**: A month with moderate temperatures, not as warm as Harrisburg, but still a summer month.
- **EV penetration**: 8.2% of the population owns an EV. Assuming an average EV charging demand of 15 kWh per day per vehicle (a typical estimate), the daily demand would be:
  $$
  \text{Daily demand (State College)} = 42,000 \times 0.082 \times 15 = 51,660 \text{ kWh}
  $$

### Step 2: Understand the target site
- **Harrisburg**: A state capital with strong weekday government commuter demand.
- **Higher income**: More people may own EVs.
- **Warmer summers**: Higher EV usage due to more driving.
- **Weekday vs. weekend contrast**: Government workers are active during weekdays, leading to higher demand on weekdays.
- **Government events and conferences**: These cause periodic spikes in demand.

### Step 3: Adjust for differences
- **EV penetration**: Harrisburg is likely to have a higher EV penetration rate than State College. Let's assume 10% (higher than 8.2%).
- **Temperature**: Harrisburg is warmer, which may increase EV usage. Let's assume a 1.2x multiplier for temperature.
- **Weekday vs. weekend**: Government workers mean higher weekday demand. Let's assume an average of 1.5x weekday demand compared to State College.
- **Events and conferences**: These cause periodic spikes. Let's assume a 1.1x multiplier for these events.

### Step 4: Calculate the adjusted demand
Using the reference demand of 51,660 kWh for State College, we apply the adjustments:

$$
\text{Adjusted demand} = 51,660 \times 1.0 \times 1.2 \times 1.5 \times 1.1 = 93,673.2 \text{ kWh}
$$

However, since the target site is a **station**, not the entire city, we need to adjust for the number of EVs at the station. Assuming the station serves a similar number of EVs as the city (which is not directly given), we can estimate the average daily demand per station.

Assuming the station serves 10% of the city's EVs (a reasonable estimate for a single station), the average daily demand would"
no_source,Harrisburg - Market St Station,7,July,1889.59,1500.0,1.5,"To estimate the average daily EV charging demand for the Harrisburg - Market St Station in July, we need to consider several factors based on the characteristics of the target site and the reference site (State College, PA).

### Step 1: Understand the Reference Site
- **State College, PA** is a university town with a population of 42,000.
- EV penetration is 8.2%, which means 8.2% of the population owns an EV.
- The reference site is likely to have a relatively low EV charging demand due to the university population and lower income levels compared to the target site.

### Step 2: Understand the Target Site
- **Harrisburg** is the state capital with strong weekday government commuter demand.
- It has a higher income level than Altoona, which suggests a higher EV penetration rate.
- It has warmer summers, which can increase EV charging demand.
- There is a sharp contrast between weekday and weekend demand due to government workers.
- Conference and legislative events cause periodic spikes in demand.

### Step 3: Apply Transfer Learning
- The reference site (State College) has a strong Mon-Fri pattern, which we can use as a baseline.
- We need to adjust for the target site's characteristics:
  - **Higher income**: Likely higher EV penetration.
  - **Warmer summers**: Higher EV charging demand.
  - **Government commuter demand**: Stronger weekday demand.
  - **Government events**: Periodic spikes in demand.

### Step 4: Estimate the Ratio
- Since Harrisburg has a higher income and more government commuters, we expect a higher EV charging demand than State College.
- The ratio is expected to be greater than 1.

### Step 5: Estimate the Demand
- Let's assume the average daily EV charging demand for State College in July is around 1,000 kWh (based on typical EV charging patterns and population).
- Given the higher income, government commuter demand, and warmer weather, we estimate that Harrisburg's demand is about 1.5 times that of State College.

### Final Estimate
- **Demand**: 1,500 kWh
- **Ratio**: 1.5

>>DEMAND: 1500
>>RATIO: 1.5"
no_source,Harrisburg - Market St Station,8,August,1947.25,,,"To estimate the average daily EV charging demand for the Harrisburg - Market St Station in August, we need to consider several factors based on the characteristics of the target site and the reference site (State College, PA).

### Step 1: Understand the Reference Site
- **State College, PA** is a university town with a population of 42,000.
- EV penetration is 8.2%, which means 8.2% of the population owns an EV.
- The reference site has no specific demand figures, but we can estimate it based on population and EV penetration.

**Estimated daily EV charging demand for State College:**
- Population: 42,000
- EV penetration: 8.2% → 42,000 × 0.082 = 3,444 EVs
- Assuming an average daily charging demand of 10 kWh per EV (a reasonable estimate for daily use), the total daily demand would be:
  - 3,444 × 10 = 34,440 kWh

### Step 2: Understand the Target Site
- **Harrisburg** is the state capital with strong weekday government commuter demand.
- It has a higher income level than Altoona, which suggests a higher EV penetration.
- It has warmer summers, which may increase EV usage.
- There is a sharp contrast between weekday and weekend demand due to government workers.
- Conference and legislative events cause periodic spikes in demand.

### Step 3: Adjust for Differences
- **Weekday vs. Weekend Pattern**: The reference site (State College) is a university town, which may have more weekend activity. The target site (Harrisburg) has strong weekday government commuter demand, so we expect higher weekday demand.
- **EV Penetration**: Harrisburg is higher income and likely has higher EV penetration than State College.
- **Temperature**: Harrisburg is warmer, which may increase EV usage.
- **Events**: Government events and legislative conferences may cause periodic spikes in demand.

### Step 4: Estimate the Target Site Demand
- Assume EV penetration is 10% (higher than State College's 8.2%).
- Population of Harrisburg is not given, but it is a state capital, so we can estimate it as approximately 45,000 (a reasonable estimate for a state capital).
- Using the same 10 kWh per EV assumption:
  - 45,000 × 0.10 = 4,500 EVs
  - 4,500 × 10 = 45,000 kWh

However, we need to adjust for the weekday/weekend contrast and periodic spikes. Since the reference site has a more balanced pattern, and the target site has higher weekday demand, we can estimate that the average daily demand for Harrisburg"
no_source,Harrisburg - Market St Station,9,September,1680.63,,,"To estimate the average daily EV charging demand for the Harrisburg - Market St Station in September, we need to consider several factors based on the characteristics of the target site and the reference site (State College, PA).

### Step 1: Understand the Reference Site
- **State College, PA** is a university town with a population of 42,000.
- EV penetration is 8.2%, which means about 8.2% of the population owns an electric vehicle.
- The reference site has no specific demand figures, but we can estimate it based on population and EV penetration.

**Estimated daily EV charging demand for State College:**
- Population: 42,000
- EV penetration: 8.2% → 42,000 × 0.082 = 3,444 EVs
- Assuming an average daily charging demand of 10 kWh per EV (a reasonable estimate for daily use), the total daily demand would be:
  - 3,444 × 10 = 34,440 kWh

This is a rough estimate, but it gives us a baseline.

### Step 2: Understand the Target Site
- **Harrisburg** is the state capital with strong weekday government commuter demand.
- It has a higher income level than Altoona, which suggests a higher EV penetration.
- It has warmer summers, which may affect charging demand (e.g., more use in the evening).
- There is a sharp weekday vs. weekend contrast due to government workers.
- Conference and legislative events cause periodic spikes in demand.
- The site is in September, so we should consider the seasonal effects of warmer weather and the weekday pattern.

### Step 3: Adjust for Differences
- **Weekday vs. Weekend Pattern**: The target site has a strong Mon-Fri pattern, similar to the reference site. However, the reference site is a university town, while the target site is a government center. Government workers may have more consistent weekday demand.
- **EV Penetration**: Harrisburg is higher income and likely has higher EV penetration than State College. Let's assume 10% EV penetration instead of 8.2%.
- **Temperature**: Harrisburg is warmer in the summer, but September is not a summer month. However, the reference site is in Pennsylvania, so we can assume similar temperature profiles.
- **Events**: Government events and conferences may cause periodic spikes, which we can estimate as a 10% increase in average demand.

### Step 4: Estimate Demand for Harrisburg
- Population: Let's assume Harrisburg has a population of 50,000 (a reasonable estimate for the state capital).
- EV penetration: 10% → 50,000 × 0.10 = 5,000 EVs
- Average daily charging demand:"
no_source,Harrisburg - Market St Station,10,October,1660.35,1800.0,1.5,"To estimate the average daily EV charging demand for the Harrisburg - Market St Station in October, we need to consider several factors based on the characteristics of the target site and the reference site (State College, PA).

### Step 1: Understand the Reference Site
- **State College, PA** is a university town with a population of 42,000.
- EV penetration is 8.2%, which means 8.2% of the population owns an EV.
- The reference site is likely to have a moderate level of EV charging demand, with a steady pattern throughout the month, though it may not have the sharp weekday/weekend contrast seen in the target site.

### Step 2: Understand the Target Site
- **Harrisburg** is the state capital and has a higher income level than Altoona.
- It has **strong weekday government commuter demand**, which suggests higher EV charging demand on weekdays.
- It has **warmer summers**, so the temperature profile in October may be slightly warmer than in State College.
- There are **periodic spikes** due to **conference and legislative events**, which can increase demand.
- There is a **sharp contrast between weekdays and weekends**, similar to government commuter patterns.

### Step 3: Apply Transfer Guidance
- The **strong Mon-Fri pattern** is a key factor. This means that the target site will have significantly higher demand on weekdays compared to weekends.
- **Replace PSU games with government events**: Since PSU games may not be a factor in Harrisburg, we replace that with government events, which can cause periodic spikes.
- **Slightly warmer temperature profile**: This may lead to slightly higher EV charging demand compared to State College, but not by a large margin.

### Step 4: Estimate the Demand
- Let’s assume the average daily EV charging demand in State College in October is around **1,200 kWh** (based on typical EV penetration and population).
- Harrisburg has a **higher income level**, so more people may own EVs.
- The **weekday/weekend contrast** and **government events** will increase the average daily demand.
- Considering the **warmer temperature** and **government events**, we estimate that the average daily demand in Harrisburg will be **1.5 times** that of State College.

### Step 5: Final Calculation
- If State College demand is **1,200 kWh**, then Harrisburg demand would be:
  $$
  1,200 \times 1.5 = 1,800 \text{ kWh}
  $$

### Final Answer
>>DEMAND: 1800
>>RATIO: 1.5"
no_source,Harrisburg - Market St Station,11,November,1684.24,,,"To estimate the average daily EV charging demand for the Harrisburg - Market St Station in November, we need to consider several factors based on the characteristics of both the reference site (State College, PA) and the target site (Harrisburg, PA).

### Step 1: Understand the Reference Site
- **State College, PA** is a university town with a population of 42,000.
- EV penetration is 8.2%, which means 8.2% of the population owns an EV.
- The site is in a university setting, which may have a more consistent demand throughout the week, though it may not have the same weekday/weekend contrast as a government-centric location.

### Step 2: Understand the Target Site
- **Harrisburg** is the state capital and has strong weekday government commuter demand.
- It has a higher income level than Altoona, which suggests a higher EV penetration rate.
- It has warmer summers, which may imply higher EV usage in the summer, but we are focusing on November.
- There is a sharp weekday vs. weekend contrast due to government workers.
- Conference and legislative events cause periodic spikes in demand.

### Step 3: Apply Transfer Guidance
- The transfer guidance says to replace PSU games with government events. Since PSU games are not relevant in November, we focus on government events.
- The temperature profile is slightly warmer than State College, which may imply slightly higher EV usage, but since we are in November, the temperature effect may be less significant.
- The strong Mon-Fri pattern is important, as government workers are likely to charge their vehicles during the workweek.

### Step 4: Estimate EV Penetration and Demand
- State College has an EV penetration of 8.2%. Harrisburg, being a state capital with higher income, likely has a higher EV penetration rate. Let's assume 10% for Harrisburg.
- Population of Harrisburg is not given, but it is larger than State College. Let's assume a population of 50,000 for Harrisburg (a reasonable estimate for the state capital).
- Average EV charging demand per EV can be estimated at around 15 kWh per day (based on typical EV charging patterns).

### Step 5: Calculate Demand
- EVs in Harrisburg: 10% of 50,000 = 5,000 EVs
- Average daily charging demand per EV: 15 kWh
- Total daily demand: 5,000 * 15 = 75,000 kWh

However, this is a very rough estimate. We need to adjust for the fact that Harrisburg has a strong weekday pattern and periodic spikes due to events. Let's assume that the average daily demand is about 75,000 kWh, but we need to compare it to the reference site.

### Step 6:"
no_source,Harrisburg - Market St Station,12,December,1415.21,1440.0,1.2,"To estimate the average daily EV charging demand for the Harrisburg - Market St Station in December, we need to consider several factors based on the characteristics of the target site and the reference site (State College, PA).

### Step 1: Understand the Reference Site
- **State College, PA** is a university town with a population of 42,000.
- EV penetration is 8.2%, which means 8.2% of the population owns an EV.
- The site is in a university setting, which may have a more consistent demand throughout the week, but with possible spikes on weekends due to student activity.

### Step 2: Understand the Target Site
- **Harrisburg** is the state capital, with a higher income level than Altoona.
- It has a stronger **weekday government commuter demand**, which suggests higher EV charging demand on weekdays.
- The site has **warmer summers**, which may reduce the need for EV charging during the day (but not in December).
- There is a **sharp weekday vs. weekend contrast** due to government workers.
- **Conference and legislative events** cause periodic spikes in demand.

### Step 3: Apply Transfer Guidance
- The **strong Mon-Fri pattern** suggests that the target site will have higher demand on weekdays.
- We need to **replace PSU games** (which may have high demand on weekends) with **government events**, which may also cause spikes.
- The **temperature profile is slightly warmer**, which may reduce the need for EV charging during the day, but since we are focusing on December, this may not be a major factor.

### Step 4: Estimate EV Charging Demand
- Let's assume the **average daily EV charging demand** for State College in December is around **1,200 kWh** (based on typical university EV demand and EV penetration).
- Since Harrisburg is a **state capital with higher income and more government commuters**, we expect **higher demand** than State College.
- However, due to the **weekday vs. weekend contrast**, we may expect **lower average daily demand** than a uniform demand.
- Also, the **government events** may cause **spikes**, but we are looking for **average daily demand**.

### Step 5: Estimate the Ratio
- Given that Harrisburg has a **stronger weekday pattern** and **government commuter demand**, we estimate that the **average daily demand** for Harrisburg will be **around 1.2 times** that of State College.

### Final Estimate
- **State College demand (reference):** 1,200 kWh
- **Harrisburg demand (target):** 1,440 kWh
- **Ratio:** 1,440 / 1,200 = 1.2

>>DEMAND: 1440
>>RATIO: 1.2"
numeric_only,Altoona - Chestnut Ave Station,1,January,1430.94,732.6,0.512,"To estimate the average daily EV charging demand for the Altoona - Chestnut Ave Station in January, we can use a proportional approach based on the reference site (State College, PA) and the characteristics of the target site.

### Step 1: Understand the reference data
- **State College, PA**:
  - Population: 42,000
  - EV penetration: 8.2%
  - Average daily demand: 1430.9 kWh

### Step 2: Understand the target site
- **Altoona - Chestnut Ave Station**:
  - Population: 43,000
  - EV penetration: 4.1%
  - Average household income: $38k
  - Has university: No

### Step 3: Estimate the number of EVs in each location
- **State College**:
  - Number of EVs = Population × EV penetration = 42,000 × 0.082 = 3,444 EVs
- **Altoona**:
  - Number of EVs = Population × EV penetration = 43,000 × 0.041 = 1,763 EVs

### Step 4: Estimate the average daily demand per EV
- **State College**:
  - Average daily demand per EV = Total demand / Number of EVs = 1430.9 kWh / 3,444 ≈ 0.415 kWh per EV per day
- **Altoona**:
  - Assuming similar demand per EV (since the EV penetration is lower but the population is slightly higher, and no other factors are given), we use the same rate of 0.415 kWh per EV per day

### Step 5: Estimate the average daily demand for Altoona
- **Altoona demand** = Number of EVs × Demand per EV = 1,763 × 0.415 ≈ 732.6 kWh

### Step 6: Calculate the ratio
- **Ratio** = Altoona demand / State College demand = 732.6 / 1430.9 ≈ 0.512

>>DEMAND: 732.6
>>RATIO: 0.512"
numeric_only,Altoona - Chestnut Ave Station,2,February,1447.11,740.5,0.512,"To estimate the average daily EV charging demand for the Altoona - Chestnut Ave Station in February, we can use a proportional approach based on the reference site (State College, PA) and the characteristics of the target site.

### Step 1: Understand the reference site
- **State College, PA**:
  - Population: 42,000
  - EV penetration: 8.2%
  - Average daily demand: 1447.1 kWh

### Step 2: Understand the target site
- **Altoona - Chestnut Ave Station**:
  - Population: 43,000
  - EV penetration: 4.1%
  - Average household income: $38k
  - Has university: No

### Step 3: Estimate the number of EVs in each site
- **State College**:
  - Number of EVs = Population × EV penetration = 42,000 × 0.082 = 3,444 EVs
- **Altoona**:
  - Number of EVs = Population × EV penetration = 43,000 × 0.041 = 1,763 EVs

### Step 4: Estimate the average daily demand per EV
- **State College**:
  - Average daily demand per EV = Total daily demand / Number of EVs = 1447.1 kWh / 3,444 ≈ 0.420 kWh per EV per day
- **Altoona**:
  - Assuming similar usage patterns, we use the same per EV demand: 0.420 kWh per EV per day

### Step 5: Estimate the average daily demand for Altoona
- **Altoona daily demand** = Number of EVs × Average daily demand per EV = 1,763 × 0.420 ≈ 740.46 kWh

### Step 6: Calculate the ratio
- **Ratio** = Altoona demand / State College demand = 740.46 / 1447.1 ≈ 0.512

### Final Answer:
>>DEMAND: 740.5
>>RATIO: 0.512"
numeric_only,Altoona - Chestnut Ave Station,3,March,1646.98,843.6,0.513,"To estimate the average daily EV charging demand for the Altoona - Chestnut Ave Station in March, we can use a proportional approach based on the reference site (State College, PA) and the characteristics of the target site.

### Step 1: Understand the reference data
- **State College, PA**:
  - Population: 42,000
  - EV penetration: 8.2%
  - Average daily demand: 1647.0 kWh

### Step 2: Understand the target site
- **Altoona - Chestnut Ave Station**:
  - Population: 43,000
  - EV penetration: 4.1%
  - Average household income: $38k
  - Has university: No

### Step 3: Estimate the number of EVs in each location
- **State College**:
  - Number of EVs = Population × EV penetration = 42,000 × 0.082 = 3,444 EVs
- **Altoona**:
  - Number of EVs = Population × EV penetration = 43,000 × 0.041 = 1,763 EVs

### Step 4: Estimate the average daily demand per EV
- **State College**:
  - Average daily demand per EV = Total daily demand / Number of EVs = 1647.0 / 3,444 ≈ 0.478 kWh per EV per day
- **Altoona**:
  - Assuming similar usage patterns, we use the same rate: 0.478 kWh per EV per day

### Step 5: Estimate the average daily demand for Altoona
- **Altoona daily demand** = Number of EVs × Average daily demand per EV = 1,763 × 0.478 ≈ 843.6 kWh

### Step 6: Calculate the ratio
- **Ratio** = Altoona demand / State College demand = 843.6 / 1647.0 ≈ 0.513

### Final Answer:
>>DEMAND: 843.6
>>RATIO: 0.513"
numeric_only,Altoona - Chestnut Ave Station,4,April,1616.54,826.5,0.511,"To estimate the average daily EV charging demand for the Altoona - Chestnut Ave Station in April, we can use a proportional approach based on the reference site (State College, PA) and the characteristics of the target site.

### Step 1: Understand the reference data
- **State College, PA**:
  - Population: 42,000
  - EV penetration: 8.2%
  - Average daily demand: 1616.5 kWh

### Step 2: Understand the target site
- **Altoona - Chestnut Ave Station**:
  - Population: 43,000
  - EV penetration: 4.1%
  - Average household income: $38k
  - Has university: No

### Step 3: Estimate the number of EVs in each location
- **State College**:
  - Number of EVs = Population × EV penetration = 42,000 × 0.082 = 3,444 EVs
- **Altoona**:
  - Number of EVs = Population × EV penetration = 43,000 × 0.041 = 1,763 EVs

### Step 4: Estimate daily charging demand per EV
Assuming an average daily charging demand per EV is similar across both locations (based on similar climate and usage patterns), we can estimate the daily demand for each location.

- **State College**:
  - Total daily demand = 1616.5 kWh
  - Daily demand per EV = 1616.5 / 3,444 ≈ 0.469 kWh per EV per day
- **Altoona**:
  - Total daily demand = 1,763 × 0.469 ≈ 826.5 kWh

### Step 5: Final estimate
Based on the proportional relationship between the number of EVs and the average daily demand, the estimated average daily EV charging demand for Altoona - Chestnut Ave Station in April is approximately **826.5 kWh**.

### Step 6: Calculate the ratio
- Ratio = 826.5 / 1616.5 ≈ 0.511

>>DEMAND: 826.5
>>RATIO: 0.511"
numeric_only,Altoona - Chestnut Ave Station,5,May,1652.46,846.2,0.51,"To estimate the average daily EV charging demand for the Altoona - Chestnut Ave Station in May, we can use a proportional approach based on the reference site (State College, PA) and the characteristics of the target site.

### Step 1: Understand the reference data
- **State College, PA**:
  - Population: 42,000
  - EV penetration: 8.2%
  - Average daily demand: 1652.5 kWh

### Step 2: Understand the target site
- **Altoona - Chestnut Ave Station**:
  - Population: 43,000
  - EV penetration: 4.1%
  - Average household income: $38k
  - Has university: No

### Step 3: Estimate the number of EVs in each location
- **State College**:
  - Number of EVs = Population × EV penetration = 42,000 × 0.082 = 3,444 EVs
- **Altoona**:
  - Number of EVs = Population × EV penetration = 43,000 × 0.041 = 1,763 EVs

### Step 4: Estimate average daily demand per EV
- **State College**:
  - Average daily demand per EV = Total daily demand / Number of EVs = 1652.5 kWh / 3,444 ≈ 0.480 kWh per EV per day
- **Altoona**:
  - Assuming similar average daily demand per EV (since the EV charging behavior is likely similar across similar locations), we use the same rate of 0.480 kWh per EV per day

### Step 5: Estimate total daily demand for Altoona
- **Altoona**:
  - Total daily demand = Number of EVs × Average daily demand per EV = 1,763 × 0.480 ≈ 846.24 kWh

### Step 6: Calculate the ratio
- **Ratio** = Altoona demand / State College demand = 846.24 / 1652.5 ≈ 0.512

### Final Answer:
>>DEMAND: 846.2
>>RATIO: 0.51"
numeric_only,Altoona - Chestnut Ave Station,6,June,1948.74,997.6,0.512,"To estimate the average daily EV charging demand for the Altoona - Chestnut Ave Station in June, we can use a proportional approach based on the reference site (State College, PA) and the characteristics of the target site.

### Step 1: Understand the reference data
- **State College, PA**:
  - Population: 42,000
  - EV penetration: 8.2%
  - Average daily demand: 1948.7 kWh

### Step 2: Understand the target site
- **Altoona - Chestnut Ave Station**:
  - Population: 43,000
  - EV penetration: 4.1%
  - Average household income: $38k
  - Has university: No

### Step 3: Estimate the number of EVs in each location
- **State College**:
  - Number of EVs = Population × EV penetration = 42,000 × 0.082 = 3,444 EVs
- **Altoona**:
  - Number of EVs = Population × EV penetration = 43,000 × 0.041 = 1,763 EVs

### Step 4: Estimate average daily demand per EV
- **State College**:
  - Average daily demand per EV = Total daily demand / Number of EVs = 1948.7 / 3,444 ≈ 0.566 kWh per EV per day
- **Altoona**:
  - Assuming similar average daily demand per EV (since the EV charging behavior is likely similar in both locations), we use the same rate: 0.566 kWh per EV per day

### Step 5: Estimate total daily demand for Altoona
- **Altoona**:
  - Total daily demand = Number of EVs × Average daily demand per EV = 1,763 × 0.566 ≈ 997.6 kWh

### Step 6: Calculate the ratio
- **Ratio** = Altoona demand / State College demand = 997.6 / 1948.7 ≈ 0.512

### Final Estimate
- **Average daily EV charging demand for Altoona - Chestnut Ave Station in June**: 997.6 kWh
- **Ratio**: 0.512

>>DEMAND: 997.6
>>RATIO: 0.512"
numeric_only,Altoona - Chestnut Ave Station,7,July,1889.59,967.3,0.512,"To estimate the average daily EV charging demand for the Altoona - Chestnut Ave Station in July, we can use a proportional approach based on the reference site (State College, PA) and the characteristics of the target site.

### Step 1: Understand the reference site
- **State College, PA**:
  - Population: 42,000
  - EV penetration: 8.2%
  - Average daily demand: 1889.6 kWh

### Step 2: Understand the target site
- **Altoona - Chestnut Ave Station**:
  - Population: 43,000
  - EV penetration: 4.1%
  - Average household income: $38k
  - Has university: No

### Step 3: Estimate the number of EVs in each site
- **State College**:
  - Number of EVs = Population × EV penetration = 42,000 × 0.082 = 3,444 EVs
- **Altoona**:
  - Number of EVs = Population × EV penetration = 43,000 × 0.041 = 1,763 EVs

### Step 4: Estimate daily charging demand per EV
Assuming an average daily charging demand per EV is similar across both sites (based on similar climate and usage patterns), we can estimate the daily demand for each site.

- **State College daily demand**: 1889.6 kWh
- **Number of EVs**: 3,444
- **Daily demand per EV**: 1889.6 / 3,444 ≈ 0.548 kWh per EV per day

### Step 5: Estimate daily demand for Altoona
- **Number of EVs**: 1,763
- **Daily demand**: 1,763 × 0.548 ≈ 967.3 kWh

### Step 6: Calculate the ratio
- **Ratio** = 967.3 / 1889.6 ≈ 0.512

### Final Estimate
- **Average daily EV charging demand for Altoona - Chestnut Ave Station in July**: 967.3 kWh
- **Ratio**: 0.512

>>DEMAND: 967.3
>>RATIO: 0.512"
numeric_only,Altoona - Chestnut Ave Station,8,August,1947.25,996.5,0.512,"To estimate the average daily EV charging demand for the Altoona - Chestnut Ave Station in August, we can use a proportional approach based on the reference site (State College, PA) and the characteristics of the target site.

### Step 1: Understand the reference data
- **State College, PA**:
  - Population: 42,000
  - EV penetration: 8.2%
  - Average daily demand: 1947.2 kWh

### Step 2: Understand the target site
- **Altoona - Chestnut Ave Station**:
  - Population: 43,000
  - EV penetration: 4.1%
  - Average household income: $38k
  - Has university: No

### Step 3: Estimate the number of EVs in each location
- **State College**:
  - Number of EVs = Population × EV penetration = 42,000 × 0.082 = 3,444 EVs
- **Altoona**:
  - Number of EVs = Population × EV penetration = 43,000 × 0.041 = 1,763 EVs

### Step 4: Estimate average daily demand per EV
- **State College**:
  - Average daily demand per EV = Total demand / Number of EVs = 1947.2 kWh / 3,444 ≈ 0.565 kWh per EV per day
- **Altoona**:
  - Assuming similar average daily demand per EV (since the EV charging behavior is likely similar in both locations), we use the same rate: 0.565 kWh per EV per day

### Step 5: Estimate total daily demand for Altoona
- **Altoona**:
  - Total daily demand = Number of EVs × Average daily demand per EV = 1,763 × 0.565 ≈ 996.5 kWh

### Step 6: Calculate the ratio
- **Ratio** = Altoona demand / State College demand = 996.5 / 1947.2 ≈ 0.512

### Final Answer:
>>DEMAND: 996.5
>>RATIO: 0.512"
numeric_only,Altoona - Chestnut Ave Station,9,September,1680.63,,,"To estimate the average daily EV charging demand for the Altoona - Chestnut Ave Station in September, we can use a proportional approach based on the reference site (State College, PA) and the characteristics of the target site.

### Step 1: Understand the reference data
- **State College, PA (reference site):**
  - Population: 42,000
  - EV penetration: 8.2%
  - Average daily demand: 1680.6 kWh

### Step 2: Understand the target site
- **Altoona - Chestnut Ave Station (target site):**
  - Population: 43,000
  - EV penetration: 4.1%
  - Average household income: $38k
  - Has university: No

### Step 3: Estimate the number of EVs in each site
- **State College:**
  - Number of EVs = Population × EV penetration = 42,000 × 0.082 = 3,444 EVs
- **Altoona:**
  - Number of EVs = Population × EV penetration = 43,000 × 0.041 = 1,763 EVs

### Step 4: Estimate daily charging demand per EV
Assuming a typical daily charging demand per EV is around 10 kWh (based on average charging behavior), we can estimate:
- **State College:**
  - Daily demand = Number of EVs × 10 kWh = 3,444 × 10 = 34,440 kWh
- **Altoona:**
  - Daily demand = Number of EVs × 10 kWh = 1,763 × 10 = 17,630 kWh

### Step 5: Adjust for the reference site's actual demand
The reference site (State College) has an actual average daily demand of 1680.6 kWh, which is much lower than the estimated 34,440 kWh. This suggests that the assumption of 10 kWh per EV is not accurate for the reference site. Instead, we should use the actual demand to calculate a ratio.

### Step 6: Calculate the ratio
- **Ratio = (Altoona estimated demand) / (State College actual demand)**
- **Ratio = 17,630 / 1680.6 ≈ 10.55**

This ratio indicates that the estimated demand for Altoona is about 10.55 times higher than the actual demand for State College, which is not reasonable. This suggests that the assumption of 10 kWh per EV is not valid for the reference site.

### Step 7: Use the reference site's actual demand to estimate Altoona"
numeric_only,Altoona - Chestnut Ave Station,10,October,1660.35,846.6,0.51,"To estimate the average daily EV charging demand for the Altoona - Chestnut Ave Station in October, we can use a proportional approach based on the reference site (State College, PA) and the characteristics of the target site.

### Step 1: Understand the reference data
- **State College, PA**:
  - Population: 42,000
  - EV penetration: 8.2%
  - Average daily demand: 1660.3 kWh

### Step 2: Understand the target site
- **Altoona - Chestnut Ave Station**:
  - Population: 43,000
  - EV penetration: 4.1%
  - Average household income: $38k
  - Has university: No

### Step 3: Estimate the number of EVs in each location
- **State College**:
  - Number of EVs = Population × EV penetration = 42,000 × 0.082 = 3,444 EVs
- **Altoona**:
  - Number of EVs = Population × EV penetration = 43,000 × 0.041 = 1,763 EVs

### Step 4: Estimate daily charging demand per EV
Assuming an average daily charging demand per EV is similar across both locations (based on similar climate and usage patterns), we can estimate the daily demand for each location.

- **State College**:
  - Total daily demand = 1660.3 kWh
  - Daily demand per EV = 1660.3 kWh / 3,444 EVs ≈ 0.482 kWh per EV per day
- **Altoona**:
  - Total daily demand = 1,763 EVs × 0.482 kWh per EV ≈ 846.6 kWh

### Step 5: Calculate the ratio
- **Ratio** = Altoona demand / State College demand = 846.6 / 1660.3 ≈ 0.51

### Final Estimate
- **Average daily EV charging demand for Altoona - Chestnut Ave Station in October**: 846.6 kWh
- **Ratio**: 0.51

>>DEMAND: 846.6
>>RATIO: 0.51"
numeric_only,Altoona - Chestnut Ave Station,11,November,1684.24,861.6,0.511,"To estimate the average daily EV charging demand for the Altoona - Chestnut Ave Station in November, we can use a proportional approach based on the reference site (State College, PA) and the characteristics of the target site.

### Step 1: Understand the reference data
- **State College, PA**:
  - Population: 42,000
  - EV penetration: 8.2%
  - Average daily demand: 1684.2 kWh

### Step 2: Understand the target site
- **Altoona - Chestnut Ave Station**:
  - Population: 43,000
  - EV penetration: 4.1%
  - Average household income: $38k
  - Has university: No

### Step 3: Estimate the number of EVs in each location
- **State College**:
  - Number of EVs = Population × EV penetration = 42,000 × 0.082 = 3,444 EVs
- **Altoona**:
  - Number of EVs = Population × EV penetration = 43,000 × 0.041 = 1,763 EVs

### Step 4: Estimate average daily demand per EV
- **State College**:
  - Average daily demand per EV = Total demand / Number of EVs = 1684.2 kWh / 3,444 ≈ 0.489 kWh per EV per day
- **Altoona**:
  - Assuming similar average daily demand per EV (since the EV charging behavior is likely similar in a similar climate and urban setting), we use the same rate of 0.489 kWh per EV per day.

### Step 5: Estimate total daily demand for Altoona
- **Altoona**:
  - Total daily demand = Number of EVs × Average daily demand per EV = 1,763 × 0.489 ≈ 861.6 kWh

### Step 6: Calculate the ratio
- **Ratio** = Altoona demand / State College demand = 861.6 / 1684.2 ≈ 0.511

### Final Answer:
>>DEMAND: 861.6
>>RATIO: 0.511"
numeric_only,Altoona - Chestnut Ave Station,12,December,1415.21,723.7,0.511,"To estimate the average daily EV charging demand for the Altoona - Chestnut Ave Station in December, we can use a proportional approach based on the reference site (State College, PA) and the characteristics of the target site.

### Step 1: Understand the reference data
- **State College, PA**:
  - Population: 42,000
  - EV penetration: 8.2%
  - Average daily demand: 1415.2 kWh

### Step 2: Understand the target site
- **Altoona - Chestnut Ave Station**:
  - Population: 43,000
  - EV penetration: 4.1%
  - Average household income: $38k
  - Has university: No

### Step 3: Estimate the number of EVs in each location
- **State College**:
  - Number of EVs = Population × EV penetration = 42,000 × 0.082 = 3,444 EVs
- **Altoona**:
  - Number of EVs = Population × EV penetration = 43,000 × 0.041 = 1,763 EVs

### Step 4: Estimate average daily demand per EV
- **State College**:
  - Average daily demand per EV = Total daily demand / Number of EVs = 1415.2 kWh / 3,444 ≈ 0.4106 kWh per EV per day
- **Altoona**:
  - Assuming similar average daily demand per EV (since the EV charging behavior is likely similar in a comparable climate and urban setting), we use the same rate.

### Step 5: Estimate total daily demand for Altoona
- **Altoona daily demand** = Number of EVs × Average daily demand per EV = 1,763 × 0.4106 ≈ 723.7 kWh

### Step 6: Calculate the ratio
- **Ratio** = Altoona demand / State College demand = 723.7 / 1415.2 ≈ 0.511

### Final Answer:
>>DEMAND: 723.7
>>RATIO: 0.511"
numeric_only,Harrisburg - Market St Station,1,January,1430.94,1411.0,0.99,"To estimate the average daily EV charging demand for the Harrisburg - Market St Station in January, we can use a proportional approach based on the data from the reference site (State College, PA).

### Step 1: Understand the reference site
- **Population**: 42,000
- **EV penetration**: 8.2%
- **Average daily demand**: 1430.9 kWh

### Step 2: Understand the target site
- **Population**: 50,000
- **EV penetration**: 6.8%
- **Has university**: No

### Step 3: Estimate the number of EVs in each site
- **State College**: 42,000 people × 8.2% = 3444 EVs
- **Harrisburg**: 50,000 people × 6.8% = 3400 EVs

### Step 4: Estimate the average daily demand per EV
- **State College**: 1430.9 kWh / 3444 EVs ≈ 0.415 kWh per EV per day

### Step 5: Estimate the daily demand for Harrisburg
- **Harrisburg**: 3400 EVs × 0.415 kWh per EV per day ≈ 1411 kWh

### Step 6: Calculate the ratio
- **Ratio**: 1411 / 1430.9 ≈ 0.986

### Final Estimate
>>DEMAND: 1411
>>RATIO: 0.99"
numeric_only,Harrisburg - Market St Station,2,February,1447.11,1428.0,0.99,"To estimate the average daily EV charging demand for the Harrisburg - Market St Station in February, we can use a proportional approach based on the data from the reference site (State College, PA).

### Step 1: Understand the reference site
- **Population**: 42,000
- **EV penetration**: 8.2%
- **Average daily demand**: 1447.1 kWh

### Step 2: Understand the target site
- **Population**: 50,000
- **EV penetration**: 6.8%
- **Has university**: No

### Step 3: Estimate the number of EVs in each site
- **State College**: 42,000 × 0.082 = 3,444 EVs
- **Harrisburg**: 50,000 × 0.068 = 3,400 EVs

### Step 4: Estimate the average daily demand per EV
- **State College**: 1447.1 kWh / 3,444 EVs ≈ 0.420 kWh per EV per day

### Step 5: Estimate the daily demand for Harrisburg
- **Harrisburg**: 3,400 EVs × 0.420 kWh ≈ 1,428 kWh

### Step 6: Calculate the ratio
- **Ratio**: 1,428 / 1,447.1 ≈ 0.987

### Final Estimate
>>DEMAND: 1428
>>RATIO: 0.99"
numeric_only,Harrisburg - Market St Station,3,March,1646.98,1625.2,0.987,"To estimate the average daily EV charging demand for the Harrisburg - Market St Station in March, we can use a proportional approach based on the data from the reference site (State College, PA).

### Step 1: Understand the reference data
- **State College, PA**:
  - Population: 42,000
  - EV penetration: 8.2%
  - Average daily demand: 1647.0 kWh

### Step 2: Understand the target site
- **Harrisburg - Market St Station**:
  - Population: 50,000
  - EV penetration: 6.8%
  - No university

### Step 3: Estimate the number of EVs in each location
- **State College**:
  - Number of EVs = Population × EV penetration = 42,000 × 0.082 = 3,444 EVs
- **Harrisburg**:
  - Number of EVs = Population × EV penetration = 50,000 × 0.068 = 3,400 EVs

### Step 4: Estimate average daily demand per EV
- **State College**:
  - Average daily demand per EV = Total daily demand / Number of EVs = 1647.0 kWh / 3,444 ≈ 0.478 kWh per EV per day

### Step 5: Estimate daily demand for Harrisburg
- **Harrisburg**:
  - Estimated daily demand = Number of EVs × Average daily demand per EV = 3,400 × 0.478 ≈ 1,625.2 kWh

### Step 6: Calculate the ratio
- **Ratio** = Harrisburg demand / State College demand = 1,625.2 / 1,647.0 ≈ 0.987

### Final Estimate
>>DEMAND: 1625.2
>>RATIO: 0.987"
numeric_only,Harrisburg - Market St Station,4,April,1616.54,1594.6,0.986,"To estimate the average daily EV charging demand for the Harrisburg - Market St Station in April, we can use a proportional approach based on the reference site (State College, PA) and the characteristics of the target site.

### Step 1: Understand the reference data
- **State College, PA**:
  - Population: 42,000
  - EV penetration: 8.2%
  - Average daily demand: 1616.5 kWh

### Step 2: Understand the target site
- **Harrisburg - Market St Station**:
  - Population: 50,000
  - EV penetration: 6.8%
  - Average household income: $44k
  - Has university: No

### Step 3: Estimate the number of EVs in each location
- **State College**:
  - Number of EVs = Population × EV penetration = 42,000 × 0.082 = 3,444 EVs
- **Harrisburg**:
  - Number of EVs = Population × EV penetration = 50,000 × 0.068 = 3,400 EVs

### Step 4: Estimate average daily demand per EV
- **State College**:
  - Average daily demand per EV = Total daily demand / Number of EVs = 1616.5 kWh / 3,444 ≈ 0.469 kWh per EV per day
- **Harrisburg**:
  - Assuming similar usage patterns, we use the same rate: 0.469 kWh per EV per day

### Step 5: Estimate total daily demand for Harrisburg
- **Harrisburg daily demand** = Number of EVs × Average daily demand per EV = 3,400 × 0.469 ≈ 1,594.6 kWh

### Step 6: Calculate the ratio
- **Ratio** = Harrisburg demand / State College demand = 1,594.6 / 1,616.5 ≈ 0.986

### Final Estimate
- **Average daily EV charging demand for Harrisburg - Market St Station in April**: 1,594.6 kWh
- **Ratio**: 0.986

>>DEMAND: 1594.6
>>RATIO: 0.986"
numeric_only,Harrisburg - Market St Station,5,May,1652.46,1632.0,0.987,"To estimate the average daily EV charging demand for the Harrisburg - Market St Station in May, we can use a proportional approach based on the data from the reference site (State College, PA).

### Step 1: Understand the reference data
- **State College, PA (reference site):**
  - Population: 42,000
  - EV penetration: 8.2%
  - Average daily demand: 1652.5 kWh

### Step 2: Understand the target site
- **Harrisburg - Market St Station (target site):**
  - Population: 50,000
  - EV penetration: 6.8%
  - Has university: No

### Step 3: Estimate the number of EVs in each site
- **State College:**
  - Number of EVs = Population × EV penetration = 42,000 × 0.082 = 3,444 EVs
- **Harrisburg:**
  - Number of EVs = Population × EV penetration = 50,000 × 0.068 = 3,400 EVs

### Step 4: Estimate average daily demand per EV
- **State College:**
  - Average daily demand per EV = Total daily demand / Number of EVs = 1652.5 kWh / 3,444 ≈ 0.480 kWh per EV per day
- **Harrisburg:**
  - Average daily demand = Number of EVs × Average daily demand per EV = 3,400 × 0.480 ≈ 1,632 kWh

### Step 5: Calculate the ratio
- **Ratio = Harrisburg demand / State College demand = 1,632 / 1,652.5 ≈ 0.987**

### Final Estimate
- **Average daily EV charging demand for Harrisburg - Market St Station in May: 1,632 kWh**
- **Ratio: 0.987**

>>DEMAND: 1632
>>RATIO: 0.987"
numeric_only,Harrisburg - Market St Station,6,June,1948.74,1924.4,0.988,"To estimate the average daily EV charging demand for the Harrisburg - Market St Station in June, we can use a proportional approach based on the reference site (State College, PA) and the characteristics of the target site.

### Step 1: Understand the reference data
- **State College, PA**:
  - Population: 42,000
  - EV penetration: 8.2%
  - Average daily demand: 1948.7 kWh

### Step 2: Understand the target site
- **Harrisburg - Market St Station**:
  - Population: 50,000
  - EV penetration: 6.8%
  - Average household income: $44k
  - Has university: No

### Step 3: Estimate the number of EVs in each location
- **State College**:
  - Number of EVs = Population × EV penetration = 42,000 × 0.082 = 3,444 EVs
- **Harrisburg**:
  - Number of EVs = Population × EV penetration = 50,000 × 0.068 = 3,400 EVs

### Step 4: Estimate average daily demand per EV
- **State College**:
  - Average daily demand per EV = Total daily demand / Number of EVs = 1948.7 kWh / 3,444 ≈ 0.566 kWh per EV per day
- **Harrisburg**:
  - Assuming similar average daily demand per EV (since the EV penetration and population are similar in magnitude), we can estimate:
    - Average daily demand = Number of EVs × Average daily demand per EV = 3,400 × 0.566 ≈ 1,924.4 kWh

### Step 5: Calculate the ratio
- **Ratio** = Harrisburg demand / State College demand = 1,924.4 / 1,948.7 ≈ 0.988

### Final Estimate
- **Average daily EV charging demand for Harrisburg - Market St Station in June**: 1,924.4 kWh
- **Ratio**: 0.988

>>DEMAND: 1924.4
>>RATIO: 0.988"
numeric_only,Harrisburg - Market St Station,7,July,1889.59,1863.2,0.986,"To estimate the average daily EV charging demand for the Harrisburg - Market St Station in July, we can use a proportional approach based on the data from the reference site (State College, PA).

### Step 1: Understand the reference data
- **State College, PA (reference site):**
  - Population: 42,000
  - EV penetration: 8.2%
  - Average daily demand: 1889.6 kWh

### Step 2: Understand the target site
- **Harrisburg - Market St Station (target site):**
  - Population: 50,000
  - EV penetration: 6.8%
  - No university

### Step 3: Estimate the number of EVs in each site
- **State College:**
  - Number of EVs = Population × EV penetration = 42,000 × 0.082 = 3,444 EVs
- **Harrisburg:**
  - Number of EVs = Population × EV penetration = 50,000 × 0.068 = 3,400 EVs

### Step 4: Estimate average daily demand per EV
- **State College:**
  - Average daily demand per EV = Total daily demand / Number of EVs = 1889.6 kWh / 3,444 ≈ 0.548 kWh per EV per day
- **Harrisburg:**
  - Assuming similar usage patterns, we use the same rate: 0.548 kWh per EV per day

### Step 5: Estimate total daily demand for Harrisburg
- **Harrisburg daily demand = Number of EVs × Demand per EV = 3,400 × 0.548 ≈ 1,863.2 kWh**

### Step 6: Calculate the ratio
- **Ratio = Harrisburg demand / State College demand = 1,863.2 / 1,889.6 ≈ 0.986**

### Final Estimate
>>DEMAND: 1863.2
>>RATIO: 0.986"
numeric_only,Harrisburg - Market St Station,8,August,1947.25,,,"To estimate the average daily EV charging demand for the Harrisburg - Market St Station in August, we can use a proportional approach based on the data from the reference site (State College, PA).

### Step 1: Understand the reference data
- **State College, PA (reference site):**
  - Population: 42,000
  - EV penetration: 8.2%
  - Average daily demand: 1947.2 kWh

### Step 2: Understand the target site
- **Harrisburg - Market St Station (target site):**
  - Population: 50,000
  - EV penetration: 6.8%
  - Has university: No
  - Average household income: $44k (not directly used in this calculation)

### Step 3: Estimate the average daily EV charging demand
We can estimate the average daily EV charging demand for the target site by using the population and EV penetration rate.

#### Formula:
$$
\text{Estimated Daily Demand} = \text{Population} \times \text{EV Penetration Rate} \times \text{Average kWh per EV Charge}
$$

However, since we don't have the average kWh per EV charge, we can use the reference site's data to estimate it.

From the reference site:
- Population: 42,000
- EV penetration: 8.2%
- Average daily demand: 1947.2 kWh

So, the average kWh per EV charge can be estimated as:
$$
\text{Average kWh per EV Charge} = \frac{1947.2}{42,000 \times 0.082} = \frac{1947.2}{3444} \approx 0.566 \text{ kWh per EV charge}
$$

Now, apply this to the target site:
- Population: 50,000
- EV penetration: 6.8%
- Average kWh per EV charge: 0.566

$$
\text{Estimated Daily Demand} = 50,000 \times 0.068 \times 0.566 = 1947.2 \times \frac{50,000 \times 0.068}{42,000 \times 0.082}
$$

$$
\text{Estimated Daily Demand} = 1947.2 \times \frac{3400}{3444} \approx 1947.2 \times 0.987 \approx 1923.3 \text{ kWh}
$$

### Step 4: Calculate the ratio
$$
\text{RATIO} = \frac{"
numeric_only,Harrisburg - Market St Station,9,September,1680.63,1659.2,0.987,"To estimate the average daily EV charging demand for the Harrisburg - Market St Station in September, we can use a proportional approach based on the data from the reference site (State College, PA).

### Step 1: Understand the reference data
- **State College, PA (reference site):**
  - Population: 42,000
  - EV penetration: 8.2%
  - Average daily demand: 1680.6 kWh

### Step 2: Understand the target site
- **Harrisburg - Market St Station (target site):**
  - Population: 50,000
  - EV penetration: 6.8%
  - Has university: No

### Step 3: Estimate the number of EVs in each site
- **State College:**
  - Number of EVs = Population × EV penetration = 42,000 × 0.082 = 3,444 EVs
- **Harrisburg:**
  - Number of EVs = Population × EV penetration = 50,000 × 0.068 = 3,400 EVs

### Step 4: Estimate average daily demand per EV
- **State College:**
  - Average daily demand per EV = Total daily demand / Number of EVs = 1680.6 kWh / 3,444 ≈ 0.488 kWh per EV per day
- **Harrisburg:**
  - Average daily demand = Number of EVs × Average daily demand per EV = 3,400 × 0.488 ≈ 1,659.2 kWh

### Step 5: Calculate the ratio
- **Ratio = Harrisburg demand / State College demand = 1,659.2 / 1,680.6 ≈ 0.987**

### Final Estimate
>>DEMAND: 1659.2
>>RATIO: 0.987"
numeric_only,Harrisburg - Market St Station,10,October,1660.35,1638.8,0.987,"To estimate the average daily EV charging demand for the Harrisburg - Market St Station in October, we can use a proportional approach based on the data from the reference site (State College, PA).

### Step 1: Understand the reference site data
- **State College, PA**:
  - Population: 42,000
  - EV penetration: 8.2%
  - Average daily demand: 1660.3 kWh

### Step 2: Understand the target site data
- **Harrisburg - Market St Station**:
  - Population: 50,000
  - EV penetration: 6.8%
  - No university

### Step 3: Estimate the number of EVs in each location
- **State College**:
  - Number of EVs = Population × EV penetration = 42,000 × 0.082 = 3,444 EVs
- **Harrisburg**:
  - Number of EVs = Population × EV penetration = 50,000 × 0.068 = 3,400 EVs

### Step 4: Estimate average daily demand per EV
- **State College**:
  - Average daily demand per EV = Total daily demand / Number of EVs = 1660.3 kWh / 3,444 ≈ 0.482 kWh per EV per day

### Step 5: Estimate daily demand for Harrisburg
- **Harrisburg**:
  - Estimated daily demand = Number of EVs × Average daily demand per EV = 3,400 × 0.482 ≈ 1,638.8 kWh

### Step 6: Calculate the ratio
- **Ratio** = Harrisburg demand / State College demand = 1,638.8 / 1,660.3 ≈ 0.987

### Final Estimate
>>DEMAND: 1638.8
>>RATIO: 0.987"
numeric_only,Harrisburg - Market St Station,11,November,1684.24,1662.6,0.99,"To estimate the average daily EV charging demand for the Harrisburg - Market St Station in November, we can use a proportional approach based on the data from the reference site (State College, PA).

### Step 1: Understand the reference site
- **Population**: 42,000
- **EV penetration**: 8.2%
- **Average daily demand**: 1684.2 kWh

### Step 2: Understand the target site
- **Population**: 50,000
- **EV penetration**: 6.8%
- **Has university**: No

### Step 3: Estimate the number of EVs in each site
- **State College**: 42,000 people × 8.2% = 3444 EVs
- **Harrisburg**: 50,000 people × 6.8% = 3400 EVs

### Step 4: Estimate the average daily demand per EV
- **State College**: 1684.2 kWh / 3444 EVs ≈ 0.489 kWh per EV per day

### Step 5: Estimate the daily demand for Harrisburg
- **Harrisburg**: 3400 EVs × 0.489 kWh per EV per day ≈ 1662.6 kWh

### Step 6: Calculate the ratio
- **Ratio**: 1662.6 / 1684.2 ≈ 0.987

### Final Estimate
>>DEMAND: 1662.6
>>RATIO: 0.99"
numeric_only,Harrisburg - Market St Station,12,December,1415.21,1397.4,0.987,"To estimate the average daily EV charging demand for the Harrisburg - Market St Station in December, we can use a proportional approach based on the data from the reference site (State College, PA).

### Step 1: Understand the reference site
- **Population**: 42,000
- **EV penetration**: 8.2%
- **Average daily demand**: 1415.2 kWh

### Step 2: Understand the target site
- **Population**: 50,000
- **EV penetration**: 6.8%
- **Has university**: No

### Step 3: Estimate the number of EVs in each site
- **State College**: 42,000 × 0.082 = 3,444 EVs
- **Harrisburg**: 50,000 × 0.068 = 3,400 EVs

### Step 4: Estimate average daily demand per EV
- **State College**: 1415.2 kWh / 3,444 EVs ≈ 0.411 kWh per EV per day

### Step 5: Estimate daily demand for Harrisburg
- **Harrisburg**: 3,400 EVs × 0.411 kWh ≈ 1,397.4 kWh

### Step 6: Calculate the ratio
- **Ratio**: 1,397.4 / 1,415.2 ≈ 0.987

### Final Estimate
The predicted average daily EV charging demand for Harrisburg - Market St Station in December is approximately 1,397.4 kWh, which is slightly lower than the demand at State College.

>>DEMAND: 1397.4
>>RATIO: 0.987"
